CompetitorName,ProductID,CompetitorPrice,DateChecked
BestBuy,P047,1471.58,2024-02-01 13:43:03.783783783
Walmart,P043,714.11,2024-05-18 06:00:21.621621620
Walmart,P006,318.05,2024-04-24 03:44:51.891891892
Walmart,P046,1231.53,2024-04-21 11:56:23.783783784
Target,P012,400.08,2024-01-05 03:41:58.918918918
Costco,P006,1165.08,2024-02-26 07:55:40.540540540
Walmart,P037,1629.17,2024-03-29 13:35:51.351351351
Walmart,P035,1769.42,2024-03-15 02:38:33.513513513
Target,P007,1393.5,2024-02-15 04:43:57.837837837
Costco,P014,1498.01,2024-04-01 01:25:02.702702702
Target,P016,106.87,2024-05-19 09:55:18.918918918
BestBuy,P012,996.46,2024-04-02 17:17:50.270270270
Costco,P042,880.49,2024-04-28 15:25:24.324324324
BestBuy,P011,799.09,2024-03-21 14:10:27.027027027
Walmart,P008,493.33,2024-05-01 19:11:42.702702702
Costco,P020,1914.93,2024-01-13 07:06:39.999999999
Walmart,P044,497.85,2024-04-09 16:47:34.054054054
Target,P025,1169.96,2024-03-05 07:21:04.864864865
BestBuy,P040,241.72,2024-04-18 12:09:22.162162162
Walmart,P012,281.65,2024-02-01 05:44:30.270270270
Walmart,P040,760.77,2024-03-03 19:27:34.054054054
Target,P039,1328.34,2024-02-25 19:57:50.270270270
Walmart,P042,872.42,2024-02-09 17:07:44.864864864
Target,P041,1810.64,2024-05-18 06:00:21.621621620
Costco,P017,1567.5,2024-02-29 23:39:49.189189189
Walmart,P003,1322.94,2024-06-14 12:02:09.729729728
Walmart,P008,966.82,2024-05-16 02:09:43.783783784
Costco,P023,121.23,2024-02-02 21:37:17.837837837
Costco,P036,1242.94,2024-04-02 01:20:43.243243243
BestBuy,P010,96.74,2024-03-14 14:40:43.243243243
BestBuy,P019,425.17,2024-02-03 17:33:41.621621621
Walmart,P022,546.41,2024-03-21 18:09:43.783783783
Costco,P006,137.65,2024-03-03 23:26:50.810810810
Costco,P029,1751.99,2024-01-12 07:10:59.459459459
BestBuy,P050,867.29,2024-05-14 22:14:46.486486486
BestBuy,P029,544.99,2024-03-20 06:16:12.972972973
Walmart,P034,1659.71,2024-04-08 16:51:53.513513513
Target,P037,1392.06,2024-06-04 16:44:41.081081080
BestBuy,P015,1871.39,2024-05-01 03:14:35.675675676
Walmart,P015,261.41,2024-03-20 06:16:12.972972973
Target,P013,277.14,2024-04-13 16:30:16.216216216
Walmart,P028,330.77,2024-01-03 15:48:28.108108108
Walmart,P001,498.4,2024-04-05 01:07:44.864864864
Costco,P028,1449.98,2024-03-12 10:50:05.405405405
BestBuy,P009,1738.9,2024-01-26 14:09:00.540540540
Costco,P041,1357.82,2024-05-18 13:58:55.135135134
Target,P049,1392.53,2024-05-14 18:15:29.729729730
Walmart,P018,854.88,2024-01-28 14:00:21.621621621
Costco,P030,1367.95,2024-04-25 07:39:49.189189188
Target,P019,698.95,2024-01-09 15:22:31.351351351
Target,P017,1360.59,2024-02-13 00:53:20.000000000
BestBuy,P035,170.89,2024-01-25 14:13:19.999999999
Target,P001,1246.56,2024-04-29 15:21:04.864864864
Costco,P002,1242.89,2024-04-17 04:15:08.108108108
Target,P001,687.26,2024-02-09 01:10:37.837837837
BestBuy,P004,575.0,2024-03-12 18:48:38.918918919
Costco,P049,1722.93,2024-04-17 04:15:08.108108108
BestBuy,P032,1385.03,2024-04-03 17:13:30.810810810
Target,P008,996.72,2024-05-03 15:03:47.027027026
BestBuy,P012,818.95,2024-02-24 16:02:52.972972973
Costco,P012,1109.88,2024-02-12 12:55:29.729729729
Target,P022,1255.65,2024-05-08 06:43:36.216216216
Costco,P027,1690.28,2024-03-25 13:53:09.189189189
BestBuy,P022,789.31,2024-05-09 14:37:50.270270270
BestBuy,P023,983.31,2024-04-14 16:25:56.756756756
Costco,P046,1712.85,2024-06-10 08:20:10.810810810
Target,P044,1341.73,2024-02-09 01:10:37.837837837
Costco,P027,482.81,2024-01-07 11:31:53.513513513
BestBuy,P036,1003.33,2024-03-21 22:09:00.540540540
BestBuy,P041,1169.53,2024-01-20 22:33:30.810810810
Walmart,P022,715.76,2024-01-25 06:14:46.486486486
Costco,P028,1635.92,2024-01-07 11:31:53.513513513
Target,P046,1635.75,2024-01-30 21:50:16.216216216
Walmart,P025,1483.79,2024-05-25 13:28:38.918918918
Walmart,P048,1849.0,2024-01-22 22:24:51.891891891
BestBuy,P004,1168.28,2024-02-29 15:41:15.675675675
Costco,P011,1225.69,2024-02-18 00:31:42.702702702
Walmart,P032,479.75,2024-03-08 23:05:13.513513513
Walmart,P003,257.2,2024-06-12 16:10:05.405405404
Costco,P050,1370.57,2024-02-20 00:23:03.783783783
Costco,P011,493.75,2024-04-08 20:51:10.270270270
Costco,P019,1102.03,2024-01-25 06:14:46.486486486
Walmart,P004,176.08,2024-06-11 04:16:34.594594594
Costco,P001,314.97,2024-04-13 12:30:59.459459459
Target,P012,1700.51,2024-03-01 19:36:12.972972973
Walmart,P027,427.15,2024-01-13 03:07:23.243243243
BestBuy,P018,381.2,2024-02-09 13:08:28.108108108
BestBuy,P039,959.57,2024-04-21 07:57:07.027027026
Costco,P038,1617.96,2024-04-15 20:20:54.054054054
Target,P004,521.22,2024-04-03 09:14:57.297297297
Target,P014,1971.1,2024-01-30 01:53:52.432432432
Target,P004,1215.45,2024-03-08 23:05:13.513513513
Target,P021,1536.44,2024-02-14 08:47:34.054054054
Target,P002,507.01,2024-06-03 16:49:00.540540540
Costco,P042,1547.1,2024-01-15 06:58:01.081081081
Target,P029,1516.16,2024-05-11 14:29:11.351351350
Costco,P036,690.85,2024-02-01 13:43:03.783783783
Target,P043,817.64,2024-01-21 06:32:04.324324324
Walmart,P003,573.07,2024-02-10 09:04:51.891891891
Target,P027,142.79,2024-02-01 21:41:37.297297297
Target,P044,272.36,2024-01-17 06:49:22.162162162
Target,P018,1915.05,2024-05-31 09:03:25.405405404
Walmart,P039,1298.68,2024-01-01 15:57:07.027027027
Costco,P012,1521.36,2024-04-12 12:35:18.918918918
Walmart,P032,1805.59,2024-04-05 09:06:18.378378378
BestBuy,P039,1741.44,2024-04-28 19:24:41.081081080
BestBuy,P033,1344.35,2024-01-30 21:50:16.216216216
BestBuy,P018,686.21,2024-02-02 21:37:17.837837837
Costco,P045,1009.48,2024-03-27 13:44:30.270270270
Walmart,P025,1893.95,2024-05-04 03:01:37.297297296
Costco,P025,323.58,2024-04-05 21:04:08.648648648
Target,P031,193.07,2024-04-16 12:18:01.081081080
Costco,P014,1281.84,2024-03-12 14:49:22.162162162
Walmart,P024,870.43,2024-01-19 10:40:00.000000000
Walmart,P031,1752.54,2024-03-29 13:35:51.351351351
Walmart,P004,728.9,2024-05-31 05:04:08.648648648
Target,P004,1041.39,2024-04-04 09:10:37.837837837
BestBuy,P022,1002.18,2024-03-16 10:32:47.567567567
Target,P017,798.43,2024-04-02 01:20:43.243243243
Walmart,P026,1440.21,2024-04-25 23:36:56.216216216
Costco,P003,680.33,2024-03-08 15:06:40.000000000
Walmart,P025,1360.34,2024-06-12 16:10:05.405405404
Target,P012,1453.6,2024-01-01 23:55:40.540540540
Target,P006,1754.9,2024-05-29 13:11:21.081081080
Walmart,P049,1772.59,2024-02-17 16:33:09.189189189
Target,P049,1533.37,2024-01-14 03:03:03.783783783
Walmart,P011,495.04,2024-02-16 04:39:38.378378378
Walmart,P024,1887.82,2024-04-13 20:29:32.972972972
Costco,P043,1838.37,2024-02-27 03:52:04.324324324
Costco,P037,394.17,2024-06-02 12:54:03.243243242
BestBuy,P042,363.89,2024-04-16 20:16:34.594594594
BestBuy,P026,440.77,2024-02-09 01:10:37.837837837
Walmart,P029,870.74,2024-02-07 05:18:33.513513513
Costco,P042,204.38,2024-04-15 20:20:54.054054054
Walmart,P023,166.38,2024-04-06 09:01:58.918918918
Costco,P042,885.28,2024-01-16 14:52:15.135135135
Costco,P043,1957.53,2024-06-10 12:19:27.567567566
Target,P009,361.49,2024-05-11 10:29:54.594594594
Walmart,P001,450.07,2024-03-27 21:43:03.783783783
BestBuy,P018,1276.63,2024-03-30 13:31:31.891891891
BestBuy,P001,1431.48,2024-02-10 21:02:42.162162162
Target,P017,671.57,2024-04-03 17:13:30.810810810
Target,P004,1752.04,2024-04-30 03:18:55.135135134
Target,P040,681.57,2024-04-11 04:41:04.864864864
Walmart,P014,95.23,2024-05-02 15:08:06.486486486
BestBuy,P047,993.48,2024-01-17 18:47:12.432432432
Walmart,P034,150.87,2024-02-05 17:25:02.702702702
Costco,P020,148.69,2024-03-25 05:54:35.675675675
Target,P017,310.05,2024-01-16 06:53:41.621621621
Costco,P003,1917.15,2024-05-12 06:26:18.378378378
Costco,P027,782.61,2024-05-29 05:12:47.567567566
Walmart,P008,510.79,2024-06-14 16:01:26.486486486
BestBuy,P047,579.25,2024-04-17 16:12:58.378378378
Walmart,P027,1807.13,2024-06-06 04:38:11.891891892
Target,P020,1116.24,2024-04-14 20:25:13.513513512
Costco,P021,613.3,2024-05-15 02:14:03.243243242
Walmart,P008,837.04,2024-02-26 07:55:40.540540540
Target,P044,851.61,2024-06-09 20:22:20.540540540
Walmart,P038,758.34,2024-04-19 16:04:19.459459458
BestBuy,P012,962.4,2024-06-14 20:00:43.243243242
BestBuy,P008,661.96,2024-02-29 07:42:42.162162162
BestBuy,P027,74.44,2024-04-22 11:52:04.324324324
BestBuy,P006,975.63,2024-06-12 16:10:05.405405404
Target,P042,1843.31,2024-04-16 16:17:17.837837838
Walmart,P023,1742.86,2024-02-03 05:35:51.351351351
Target,P045,883.65,2024-04-16 12:18:01.081081080
Costco,P004,1476.01,2024-05-18 21:57:28.648648648
BestBuy,P005,585.97,2024-03-01 19:36:12.972972973
Walmart,P023,1143.52,2024-01-23 02:24:08.648648648
BestBuy,P035,1779.61,2024-02-24 16:02:52.972972973
Walmart,P014,1105.41,2024-03-10 03:00:10.810810810
Target,P008,435.22,2024-03-09 07:03:47.027027027
Target,P034,1460.91,2024-02-22 04:13:41.621621621
Walmart,P031,922.22,2024-04-10 12:43:57.837837837
Target,P044,404.69,2024-04-29 15:21:04.864864864
BestBuy,P040,870.24,2024-02-10 09:04:51.891891891
BestBuy,P030,1484.99,2024-05-23 09:38:01.081081080
BestBuy,P045,1207.23,2024-04-22 11:52:04.324324324
Target,P040,1529.02,2024-05-22 13:41:37.297297296
Walmart,P013,1312.2,2024-06-11 20:13:41.621621620
Walmart,P003,1100.94,2024-05-06 22:49:22.162162162
Walmart,P029,58.38,2024-05-09 18:37:07.027027026
Walmart,P015,794.89,2024-05-16 22:06:07.567567566
BestBuy,P021,1137.74,2024-03-27 01:46:40.000000000
Costco,P011,1228.08,2024-04-09 20:46:50.810810810
Target,P012,1154.87,2024-02-14 04:48:17.297297297
BestBuy,P048,258.24,2024-01-16 02:54:24.864864864
Walmart,P019,1064.0,2024-06-01 20:56:56.216216216
Walmart,P021,1131.7,2024-01-31 09:48:06.486486486
Target,P005,1355.61,2024-01-07 15:31:10.270270270
BestBuy,P028,212.83,2024-04-03 17:13:30.810810810
Target,P012,1384.88,2024-02-01 05:44:30.270270270
Walmart,P014,1476.77,2024-01-17 14:47:55.675675675
Walmart,P018,233.17,2024-05-15 02:14:03.243243242
Costco,P016,1132.96,2024-02-04 05:31:31.891891891
Target,P006,483.23,2024-04-17 20:12:15.135135134
Target,P013,1795.7,2024-02-04 13:30:05.405405405
Walmart,P011,1586.36,2024-05-20 17:49:32.972972972
BestBuy,P016,1983.24,2024-05-01 07:13:52.432432432
Costco,P019,981.15,2024-03-18 06:24:51.891891891
BestBuy,P034,1079.24,2024-05-03 15:03:47.027027026
Target,P049,473.72,2024-04-27 19:29:00.540540540
BestBuy,P036,1692.85,2024-04-29 11:21:48.108108108
Walmart,P028,1826.64,2024-05-09 06:39:16.756756756
Walmart,P023,290.58,2024-04-19 20:03:36.216216216
Costco,P015,951.91,2024-06-11 20:13:41.621621620
Target,P012,855.73,2024-01-03 03:50:37.837837837
Costco,P002,1983.11,2024-03-13 10:45:45.945945946
Walmart,P009,1144.4,2024-01-18 14:43:36.216216216
Costco,P018,1949.76,2024-03-13 18:44:19.459459459
Costco,P002,819.87,2024-01-07 07:32:36.756756756
BestBuy,P046,914.04,2024-05-03 11:04:30.270270270
Target,P001,1608.43,2024-02-01 13:43:03.783783783
Walmart,P023,1629.72,2024-05-20 01:52:25.945945946
Costco,P026,865.93,2024-04-13 16:30:16.216216216
BestBuy,P035,698.81,2024-01-03 03:50:37.837837837
Walmart,P017,1045.1,2024-02-28 11:46:18.378378378
Costco,P045,920.15,2024-02-19 12:25:13.513513513
BestBuy,P049,86.25,2024-04-09 00:50:27.027027026
BestBuy,P009,1617.63,2024-01-17 10:48:38.918918918
Costco,P001,59.32,2024-03-09 23:00:54.054054054
Costco,P007,1657.25,2024-04-07 08:57:39.459459459
Target,P047,795.1,2024-04-04 09:10:37.837837837
Target,P029,1878.39,2024-03-07 19:10:16.216216216
BestBuy,P025,1413.42,2024-01-24 22:16:12.972972972
Target,P003,1739.99,2024-04-14 20:25:13.513513512
BestBuy,P001,1783.69,2024-02-12 04:56:56.216216216
Target,P017,1226.22,2024-05-08 10:42:52.972972972
Walmart,P003,750.65,2024-06-14 20:00:43.243243242
BestBuy,P007,1416.47,2024-03-20 14:14:46.486486486
BestBuy,P025,518.25,2024-01-24 22:16:12.972972972
Walmart,P030,1692.1,2024-01-08 11:27:34.054054054
Target,P008,224.13,2024-02-20 16:20:10.810810810
BestBuy,P003,574.62,2024-02-14 12:46:50.810810810
Target,P020,665.27,2024-01-11 11:14:35.675675675
BestBuy,P018,160.44,2024-02-14 04:48:17.297297297
Costco,P014,606.27,2024-05-20 01:52:25.945945946
BestBuy,P041,1281.57,2024-02-12 12:55:29.729729729
Target,P048,822.97,2024-03-15 18:35:40.540540540
Costco,P033,800.33,2024-03-19 06:20:32.432432432
Target,P032,1446.94,2024-01-15 18:55:51.351351351
Costco,P010,1223.91,2024-05-03 19:03:03.783783784
Walmart,P032,206.49,2024-04-26 11:34:46.486486486
Target,P046,99.27,2024-02-03 21:32:58.378378378
BestBuy,P031,662.42,2024-05-08 18:41:26.486486486
Target,P048,692.63,2024-05-18 09:59:38.378378378
Target,P021,649.3,2024-01-07 19:30:27.027027027
Target,P022,1837.45,2024-01-09 07:23:57.837837837
BestBuy,P005,450.44,2024-02-05 21:24:19.459459459
Walmart,P004,1378.55,2024-04-22 11:52:04.324324324
BestBuy,P042,1403.4,2024-04-24 11:43:25.405405404
BestBuy,P031,164.43,2024-03-12 18:48:38.918918919
Costco,P048,1523.33,2024-06-13 04:07:55.675675674
Costco,P025,1044.94,2024-01-28 14:00:21.621621621
Costco,P028,607.01,2024-03-30 21:30:05.405405405
Walmart,P028,69.39,2024-01-28 02:02:31.351351351
Walmart,P026,1514.56,2024-01-13 15:05:13.513513513
Target,P026,1250.77,2024-01-01 07:58:33.513513513
Walmart,P024,814.68,2024-05-21 01:48:06.486486486
Costco,P031,346.24,2024-02-11 12:59:49.189189189
Target,P047,1348.48,2024-04-22 07:52:47.567567566
Target,P042,225.69,2024-03-20 18:14:03.243243243
Costco,P023,1576.88,2024-02-02 21:37:17.837837837
Costco,P015,1945.47,2024-01-31 09:48:06.486486486
Costco,P042,854.96,2024-01-26 02:11:10.270270270
Target,P043,920.56,2024-02-18 00:31:42.702702702
Walmart,P032,309.88,2024-03-19 18:18:22.702702702
Walmart,P046,107.37,2024-04-01 13:22:52.972972972
Costco,P043,210.91,2024-05-11 22:27:44.864864864
Target,P013,1386.5,2024-05-24 17:32:15.135135134
Walmart,P019,224.87,2024-03-01 07:38:22.702702702
Walmart,P043,1730.68,2024-04-22 23:49:54.594594594
Target,P004,1180.44,2024-02-06 09:22:09.729729729
BestBuy,P013,1963.25,2024-02-03 09:35:08.108108108
Walmart,P008,1452.28,2024-01-19 06:40:43.243243243
BestBuy,P048,1929.86,2024-03-12 06:50:48.648648648
Walmart,P047,1027.57,2024-06-09 20:22:20.540540540
Target,P010,1675.4,2024-05-23 13:37:17.837837838
Costco,P036,967.62,2024-04-24 19:41:58.918918918
Costco,P012,1547.33,2024-03-12 06:50:48.648648648
BestBuy,P008,148.04,2024-03-09 03:04:30.270270270
Walmart,P030,670.58,2024-03-30 13:31:31.891891891
Costco,P035,1146.33,2024-02-14 20:45:24.324324324
BestBuy,P018,91.67,2024-04-13 20:29:32.972972972
BestBuy,P016,664.65,2024-06-10 12:19:27.567567566
Walmart,P024,1176.72,2024-03-30 09:32:15.135135135
Costco,P038,455.67,2024-03-02 11:33:20.000000000
Target,P016,1802.11,2024-05-16 22:06:07.567567566
BestBuy,P017,1065.77,2024-02-09 05:09:54.594594594
Target,P049,957.35,2024-05-11 06:30:37.837837838
Costco,P008,1626.76,2024-03-19 18:18:22.702702702
Walmart,P035,1952.44,2024-02-19 20:23:47.027027027
Walmart,P028,628.34,2024-02-12 12:55:29.729729729
Walmart,P033,476.0,2024-02-24 12:03:36.216216216
Walmart,P031,1288.8,2024-01-02 03:54:57.297297297
Walmart,P013,1640.4,2024-03-31 17:26:29.189189189
Target,P013,1509.38,2024-04-07 08:57:39.459459459
Target,P001,328.76,2024-01-19 18:38:33.513513513
Walmart,P047,1257.46,2024-02-01 21:41:37.297297297
BestBuy,P046,277.4,2024-02-23 00:10:05.405405405
Walmart,P039,894.5,2024-03-13 18:44:19.459459459
Target,P038,720.58,2024-03-11 14:53:41.621621621
Costco,P010,336.39,2024-03-15 06:37:50.270270270
BestBuy,P019,919.15,2024-01-31 17:46:40.000000000
Target,P014,1279.76,2024-04-05 05:07:01.621621621
Costco,P015,910.84,2024-04-29 23:19:38.378378378
Target,P025,1550.18,2024-06-05 16:40:21.621621620
Target,P025,1840.5,2024-03-17 10:28:28.108108108
Target,P003,322.09,2024-06-04 16:44:41.081081080
Target,P004,902.92,2024-01-15 14:56:34.594594594
BestBuy,P009,194.26,2024-03-19 22:17:39.459459459
Walmart,P007,1221.54,2024-06-05 20:39:38.378378378
Target,P019,1774.55,2024-04-06 17:00:32.432432432
BestBuy,P013,1985.9,2024-01-29 17:55:18.918918919
Costco,P015,1463.41,2024-03-15 06:37:50.270270270
BestBuy,P013,619.59,2024-04-20 12:00:43.243243242
BestBuy,P029,453.97,2024-01-30 21:50:16.216216216
BestBuy,P030,560.29,2024-04-24 07:44:08.648648648
BestBuy,P038,821.06,2024-05-27 21:18:33.513513512
Target,P037,366.63,2024-03-15 10:37:07.027027027
BestBuy,P027,358.72,2024-03-12 14:49:22.162162162
BestBuy,P026,1417.66,2024-04-10 08:44:41.081081081
BestBuy,P045,1816.12,2024-02-05 09:26:29.189189189
Target,P048,279.95,2024-06-03 16:49:00.540540540
Walmart,P044,1667.07,2024-02-21 00:18:44.324324324
Costco,P027,954.27,2024-01-13 23:03:47.027027027
Costco,P024,1066.03,2024-05-02 19:07:23.243243242
BestBuy,P015,1782.92,2024-04-25 15:38:22.702702702
BestBuy,P021,1717.59,2024-02-11 16:59:05.945945945
Target,P024,1685.97,2024-04-04 13:09:54.594594594
Costco,P035,1687.14,2024-04-23 11:47:44.864864864
BestBuy,P045,387.31,2024-04-02 13:18:33.513513513
Target,P007,936.18,2024-03-21 14:10:27.027027027
BestBuy,P043,397.05,2024-02-25 00:01:26.486486486
BestBuy,P023,1537.54,2024-04-26 15:34:03.243243242
Target,P004,1628.0,2024-05-19 21:53:09.189189188
BestBuy,P028,154.76,2024-04-28 03:27:34.054054054
Walmart,P044,1829.7,2024-05-22 17:40:54.054054054
Walmart,P020,653.31,2024-05-20 21:48:49.729729728
Target,P041,1364.34,2024-05-20 13:50:16.216216216
Costco,P018,724.52,2024-05-26 05:25:45.945945946
Walmart,P022,782.09,2024-01-14 19:00:10.810810810
Target,P030,790.09,2024-04-25 07:39:49.189189188
BestBuy,P014,969.88,2024-04-29 15:21:04.864864864
Target,P014,838.17,2024-05-15 22:10:27.027027026
BestBuy,P041,240.97,2024-06-14 08:02:52.972972972
Costco,P036,1595.5,2024-02-12 20:54:03.243243243
Costco,P017,1336.66,2024-02-25 04:00:43.243243243
BestBuy,P015,136.32,2024-06-04 12:45:24.324324324
Costco,P027,928.96,2024-04-23 15:47:01.621621622
BestBuy,P041,66.66,2024-04-15 12:22:20.540540540
BestBuy,P015,431.03,2024-03-01 19:36:12.972972973
Walmart,P031,601.42,2024-05-30 09:07:44.864864864
Walmart,P005,74.68,2024-01-02 19:52:04.324324324
Walmart,P020,1444.18,2024-01-13 15:05:13.513513513
Target,P017,1407.43,2024-02-11 20:58:22.702702702
Walmart,P007,1475.5,2024-02-14 04:48:17.297297297
Target,P012,1560.52,2024-03-05 07:21:04.864864865
Target,P041,557.41,2024-04-30 23:15:18.918918918
Walmart,P046,1761.92,2024-05-30 13:07:01.621621620
BestBuy,P009,144.76,2024-02-08 21:11:21.081081081
Walmart,P027,1309.48,2024-01-19 02:41:26.486486486
BestBuy,P001,1581.97,2024-01-22 10:27:01.621621621
Walmart,P043,263.15,2024-05-16 06:09:00.540540540
Target,P025,1893.0,2024-03-24 21:56:02.162162162
Costco,P007,1186.05,2024-05-12 10:25:35.135135134
BestBuy,P042,524.73,2024-05-05 22:53:41.621621620
BestBuy,P028,1559.3,2024-04-20 08:01:26.486486486
Costco,P046,144.69,2024-01-08 07:28:17.297297297
Walmart,P044,189.71,2024-03-18 22:21:58.918918918
Costco,P019,690.4,2024-04-20 08:01:26.486486486
BestBuy,P047,1880.95,2024-05-23 17:36:34.594594594
Walmart,P042,50.21,2024-02-06 09:22:09.729729729
Target,P033,51.0,2024-05-31 17:01:58.918918918
Walmart,P002,913.47,2024-02-12 00:57:39.459459459
BestBuy,P013,876.54,2024-01-15 06:58:01.081081081
Target,P040,1370.39,2024-04-28 11:26:07.567567566
BestBuy,P041,976.41,2024-06-03 08:50:27.027027026
Walmart,P041,883.35,2024-01-17 18:47:12.432432432
Costco,P047,144.52,2024-03-13 18:44:19.459459459
BestBuy,P029,209.06,2024-05-14 18:15:29.729729730
Costco,P009,120.78,2024-01-09 19:21:48.108108108
BestBuy,P045,1574.17,2024-05-18 06:00:21.621621620
Walmart,P036,981.56,2024-01-05 11:40:32.432432432
Target,P026,1721.83,2024-04-27 19:29:00.540540540
Walmart,P014,835.6,2024-01-24 10:18:22.702702702
Walmart,P032,887.19,2024-01-05 07:41:15.675675675
Costco,P043,1144.93,2024-04-10 00:46:07.567567567
Walmart,P033,1381.02,2024-02-27 07:51:21.081081081
BestBuy,P050,292.72,2024-02-01 13:43:03.783783783
Walmart,P023,1496.4,2024-04-29 19:20:21.621621620
BestBuy,P031,515.59,2024-06-03 04:51:10.270270270
Target,P037,1924.99,2024-03-25 13:53:09.189189189
Walmart,P031,528.77,2024-04-14 16:25:56.756756756
BestBuy,P022,116.62,2024-06-14 08:02:52.972972972
Target,P042,1749.21,2024-03-12 06:50:48.648648648
BestBuy,P014,777.16,2024-04-20 19:59:16.756756756
Costco,P003,516.26,2024-05-15 06:13:20.000000000
BestBuy,P016,191.33,2024-01-10 07:19:38.378378378
Target,P035,1326.37,2024-01-04 23:42:42.162162162
Costco,P013,1102.86,2024-04-10 12:43:57.837837837
Walmart,P013,1689.84,2024-06-03 08:50:27.027027026
Target,P049,450.49,2024-06-01 20:56:56.216216216
Walmart,P018,1302.16,2024-01-11 11:14:35.675675675
Walmart,P012,1295.08,2024-05-19 01:56:45.405405404
BestBuy,P012,1948.31,2024-05-08 06:43:36.216216216
BestBuy,P028,895.31,2024-05-16 02:09:43.783783784
Walmart,P039,1221.72,2024-04-20 23:58:33.513513512
Costco,P012,954.32,2024-03-25 13:53:09.189189189
Costco,P037,1658.47,2024-04-01 09:23:36.216216216
Target,P035,84.84,2024-02-09 21:07:01.621621621
Target,P020,1949.46,2024-03-18 18:22:42.162162162
BestBuy,P022,593.73,2024-04-24 03:44:51.891891892
BestBuy,P008,332.98,2024-04-21 11:56:23.783783784
BestBuy,P038,1996.26,2024-03-19 18:18:22.702702702
Costco,P017,129.32,2024-05-31 21:01:15.675675674
Target,P032,1048.38,2024-02-16 08:38:55.135135135
BestBuy,P023,517.32,2024-05-02 07:09:32.972972972
Costco,P011,1376.38,2024-03-26 17:48:06.486486486
Costco,P021,1475.04,2024-02-06 01:23:36.216216216
Costco,P019,1293.74,2024-04-01 17:22:09.729729729
Target,P009,988.4,2024-03-27 01:46:40.000000000
Costco,P017,1248.25,2024-01-02 23:51:21.081081081
Target,P016,116.71,2024-02-23 04:09:22.162162162
BestBuy,P048,870.3,2024-06-08 16:27:23.243243242
Target,P003,1461.24,2024-06-14 12:02:09.729729728
BestBuy,P010,735.51,2024-01-08 23:25:24.324324324
Costco,P049,1847.03,2024-02-29 15:41:15.675675675
BestBuy,P001,417.21,2024-03-28 13:40:10.810810810
BestBuy,P013,89.67,2024-01-22 14:26:18.378378378
BestBuy,P034,1695.82,2024-05-11 10:29:54.594594594
Costco,P006,852.02,2024-02-25 00:01:26.486486486
BestBuy,P023,1665.1,2024-05-16 22:06:07.567567566
BestBuy,P035,1329.45,2024-04-25 19:37:39.459459458
Costco,P022,1609.02,2024-04-16 20:16:34.594594594
BestBuy,P018,1522.69,2024-05-27 01:22:09.729729728
Walmart,P010,940.96,2024-02-02 05:40:10.810810810
BestBuy,P012,226.86,2024-05-11 02:31:21.081081080
Target,P029,784.21,2024-02-27 07:51:21.081081081
BestBuy,P027,621.07,2024-01-17 10:48:38.918918918
Costco,P042,902.5,2024-06-13 16:05:45.945945946
Costco,P028,352.01,2024-01-07 11:31:53.513513513
Costco,P002,408.33,2024-06-06 04:38:11.891891892
Walmart,P009,1385.37,2024-02-28 03:47:44.864864865
Walmart,P007,1779.27,2024-06-12 16:10:05.405405404
Costco,P033,390.73,2024-05-05 18:54:24.864864864
Target,P029,1266.95,2024-05-08 14:42:09.729729730
Target,P004,985.7,2024-05-12 10:25:35.135135134
Target,P031,1499.38,2024-05-12 18:24:08.648648648
Walmart,P007,174.37,2024-01-01 07:58:33.513513513
Costco,P036,1996.72,2024-02-21 08:17:17.837837837
Costco,P014,310.68,2024-05-31 13:02:42.162162162
Costco,P045,1499.08,2024-01-26 06:10:27.027027027
Walmart,P049,1153.52,2024-03-25 09:53:52.432432432
Costco,P001,132.34,2024-04-02 09:19:16.756756756
Target,P006,390.01,2024-04-14 20:25:13.513513512
Walmart,P041,1765.91,2024-05-17 10:03:57.837837838
Costco,P024,248.03,2024-02-04 17:29:22.162162162
BestBuy,P046,1963.53,2024-02-19 16:24:30.270270270
Costco,P016,1023.79,2024-06-07 00:34:35.675675674
Target,P012,1823.05,2024-02-11 09:00:32.432432432
Costco,P015,1656.28,2024-06-01 01:00:32.432432432
Costco,P007,224.86,2024-03-23 22:00:21.621621621
Target,P004,1643.06,2024-01-14 22:59:27.567567567
Walmart,P049,1902.21,2024-02-26 11:54:57.297297297
BestBuy,P019,783.19,2024-03-14 14:40:43.243243243
Target,P020,812.56,2024-06-11 04:16:34.594594594
Target,P048,50.59,2024-01-08 11:27:34.054054054
BestBuy,P014,1318.26,2024-01-14 07:02:20.540540540
BestBuy,P031,1230.48,2024-02-15 16:41:48.108108108
Target,P029,1587.36,2024-03-30 13:31:31.891891891
BestBuy,P004,1528.08,2024-02-09 05:09:54.594594594
Costco,P025,1387.81,2024-03-06 11:16:02.162162162
Walmart,P008,1108.07,2024-06-05 16:40:21.621621620
Costco,P022,683.76,2024-05-28 01:17:50.270270270
Costco,P028,350.42,2024-02-29 15:41:15.675675675
Costco,P034,1390.96,2024-01-19 14:39:16.756756756
BestBuy,P027,948.8,2024-02-07 21:15:40.540540540
Target,P035,1222.53,2024-03-18 02:25:35.135135135
Costco,P013,1943.8,2024-02-28 03:47:44.864864865
Target,P017,168.81,2024-04-04 17:09:11.351351351
Target,P045,176.93,2024-02-18 16:28:49.729729729
Costco,P046,1097.7,2024-05-16 14:07:34.054054054
Target,P013,1211.89,2024-03-04 07:25:24.324324324
Costco,P041,1098.94,2024-01-09 23:21:04.864864864
Costco,P037,1858.7,2024-01-05 19:39:05.945945945
Costco,P011,322.32,2024-04-29 19:20:21.621621620
BestBuy,P024,1425.77,2024-06-12 12:10:48.648648648
Walmart,P034,1491.57,2024-03-21 14:10:27.027027027
BestBuy,P037,1723.02,2024-03-09 15:02:20.540540540
Walmart,P029,1766.93,2024-06-06 08:37:28.648648648
BestBuy,P030,1575.91,2024-02-03 01:36:34.594594594
Walmart,P004,379.25,2024-01-18 06:45:02.702702702
Costco,P045,1084.72,2024-02-13 04:52:36.756756756
Walmart,P012,338.28,2024-02-19 08:25:56.756756756
BestBuy,P037,886.46,2024-01-08 23:25:24.324324324
BestBuy,P006,1524.44,2024-03-19 22:17:39.459459459
Costco,P012,580.17,2024-03-29 05:37:17.837837837
Costco,P011,1418.38,2024-04-12 00:37:28.648648648
Walmart,P033,135.64,2024-04-27 11:30:27.027027026
Walmart,P042,1407.86,2024-02-15 20:41:04.864864864
Costco,P025,1005.88,2024-05-20 21:48:49.729729728
BestBuy,P023,398.68,2024-01-21 22:29:11.351351351
Costco,P024,463.39,2024-03-09 23:00:54.054054054
BestBuy,P031,786.5,2024-01-14 11:01:37.297297297
Target,P046,1529.79,2024-04-28 15:25:24.324324324
BestBuy,P050,152.7,2024-01-05 03:41:58.918918918
Target,P048,652.63,2024-05-02 07:09:32.972972972
Costco,P029,113.49,2024-02-12 20:54:03.243243243
BestBuy,P024,851.74,2024-04-17 16:12:58.378378378
Costco,P042,1511.01,2024-04-28 11:26:07.567567566
Costco,P046,1425.59,2024-03-08 19:05:56.756756756
Target,P034,113.61,2024-03-16 14:32:04.324324324
Target,P050,1243.37,2024-02-19 04:26:39.999999999
Costco,P007,1289.74,2024-02-13 20:49:43.783783783
Costco,P044,1428.63,2024-03-15 06:37:50.270270270
Target,P029,462.66,2024-03-19 18:18:22.702702702
Target,P021,1036.34,2024-02-01 13:43:03.783783783
BestBuy,P048,184.77,2024-03-08 23:05:13.513513513
Costco,P045,1375.77,2024-03-17 22:26:18.378378378
BestBuy,P020,59.59,2024-04-07 20:55:29.729729729
Target,P049,1333.85,2024-03-24 17:56:45.405405405
BestBuy,P016,1374.41,2024-02-16 00:40:21.621621621
Target,P002,1181.81,2024-02-24 12:03:36.216216216
BestBuy,P042,1565.46,2024-04-14 08:27:23.243243242
Costco,P018,1823.36,2024-05-21 17:45:13.513513512
Costco,P018,286.24,2024-02-10 01:06:18.378378378
Costco,P015,968.41,2024-04-30 07:18:11.891891892
BestBuy,P006,304.62,2024-02-25 23:57:07.027027027
Costco,P045,843.33,2024-04-19 00:07:12.432432432
Costco,P038,1279.87,2024-04-26 11:34:46.486486486
Costco,P027,1005.6,2024-04-16 04:19:27.567567566
Walmart,P029,772.62,2024-01-27 10:05:24.324324324
BestBuy,P004,165.3,2024-01-24 14:17:39.459459459
Target,P042,1612.25,2024-04-06 01:03:25.405405405
Target,P025,1644.76,2024-04-15 04:23:47.027027026
Walmart,P034,327.64,2024-04-06 13:01:15.675675675
Target,P050,1402.06,2024-01-31 13:47:23.243243243
Costco,P029,744.77,2024-03-07 19:10:16.216216216
BestBuy,P003,1377.06,2024-05-08 06:43:36.216216216
Walmart,P011,1011.45,2024-05-04 07:00:54.054054054
Target,P050,620.53,2024-02-24 08:04:19.459459459
Costco,P002,1460.84,2024-03-02 03:34:46.486486486
BestBuy,P046,874.65,2024-03-24 01:59:38.378378378
Walmart,P004,217.0,2024-01-26 22:07:34.054054054
Target,P029,653.65,2024-04-01 05:24:19.459459459
Walmart,P040,565.92,2024-05-19 09:55:18.918918918
BestBuy,P021,1900.03,2024-03-07 03:13:09.189189189
Costco,P016,1684.8,2024-01-24 22:16:12.972972972
Walmart,P018,249.9,2024-04-25 07:39:49.189189188
Walmart,P007,793.14,2024-02-07 09:17:50.270270270
BestBuy,P016,717.45,2024-05-17 22:01:48.108108108
Costco,P031,1288.8,2024-04-15 16:21:37.297297296
BestBuy,P011,172.3,2024-05-31 09:03:25.405405404
Walmart,P042,1972.8,2024-04-23 11:47:44.864864864
Target,P018,1431.73,2024-01-30 17:50:59.459459459
Costco,P037,1348.25,2024-01-10 23:16:45.405405405
Costco,P038,1205.92,2024-03-08 15:06:40.000000000
Costco,P042,954.99,2024-03-24 01:59:38.378378378
Costco,P043,352.04,2024-04-10 08:44:41.081081081
Target,P005,658.83,2024-02-04 05:31:31.891891891
Walmart,P011,413.49,2024-05-20 09:50:59.459459458
Walmart,P027,1880.69,2024-01-24 22:16:12.972972972
Walmart,P020,1368.76,2024-01-16 02:54:24.864864864
BestBuy,P021,526.9,2024-04-09 12:48:17.297297297
Costco,P017,1776.54,2024-03-05 19:18:55.135135135
Walmart,P026,1617.24,2024-03-28 05:41:37.297297297
Target,P028,1666.49,2024-06-09 04:25:13.513513512
Walmart,P038,834.07,2024-05-26 05:25:45.945945946
Costco,P001,424.9,2024-01-29 21:54:35.675675675
BestBuy,P010,1469.19,2024-01-19 14:39:16.756756756
BestBuy,P023,667.48,2024-01-24 06:19:05.945945945
Costco,P002,1069.19,2024-03-03 07:29:43.783783783
Costco,P029,441.86,2024-01-01 00:00:00.000000000
Walmart,P003,705.46,2024-05-08 10:42:52.972972972
Walmart,P016,184.83,2024-03-23 06:03:14.594594594
Walmart,P027,1857.49,2024-02-27 03:52:04.324324324
Target,P034,808.03,2024-02-23 16:07:12.432432432
Walmart,P014,1505.9,2024-03-30 17:30:48.648648648
BestBuy,P016,1694.46,2024-06-01 08:59:05.945945946
Walmart,P026,861.97,2024-04-19 04:06:29.189189188
Target,P024,976.96,2024-04-22 07:52:47.567567566
BestBuy,P039,1389.17,2024-01-14 19:00:10.810810810
BestBuy,P025,708.19,2024-02-24 12:03:36.216216216
BestBuy,P008,1280.61,2024-04-30 11:17:28.648648648
Costco,P006,970.12,2024-03-16 14:32:04.324324324
Walmart,P048,1639.47,2024-05-17 22:01:48.108108108
Costco,P018,773.08,2024-02-01 01:45:13.513513513
Walmart,P017,1501.58,2024-04-05 17:04:51.891891891
Target,P020,1879.68,2024-01-01 15:57:07.027027027
BestBuy,P017,788.78,2024-06-10 12:19:27.567567566
Walmart,P050,829.53,2024-04-30 07:18:11.891891892
Costco,P044,1941.14,2024-05-02 07:09:32.972972972
Target,P027,585.17,2024-01-16 06:53:41.621621621
Costco,P035,1320.1,2024-01-07 15:31:10.270270270
Costco,P047,215.66,2024-01-28 17:59:38.378378378
Target,P039,1842.6,2024-06-08 04:29:32.972972972
Costco,P047,1120.67,2024-02-09 01:10:37.837837837
Target,P001,1655.16,2024-02-25 04:00:43.243243243
Target,P038,1144.67,2024-01-05 23:38:22.702702702
Costco,P039,1578.81,2024-05-27 09:20:43.243243242
Target,P046,1356.18,2024-04-22 03:53:30.810810810
Target,P032,1225.98,2024-03-06 19:14:35.675675675
Target,P042,1421.1,2024-01-18 18:42:52.972972973
BestBuy,P041,1141.36,2024-05-12 02:27:01.621621620
Costco,P036,704.58,2024-02-05 21:24:19.459459459
Costco,P029,1110.33,2024-05-16 10:08:17.297297296
Walmart,P020,733.63,2024-02-19 08:25:56.756756756
Target,P042,705.68,2024-01-10 19:17:28.648648648
BestBuy,P034,1564.63,2024-01-07 15:31:10.270270270
Target,P038,1390.54,2024-06-02 20:52:36.756756756
Target,P044,1928.75,2024-05-20 21:48:49.729729728
Target,P015,115.8,2024-05-11 02:31:21.081081080
BestBuy,P012,1505.25,2024-03-31 01:29:22.162162162
Walmart,P031,265.81,2024-03-02 19:31:53.513513513
Walmart,P028,556.06,2024-04-05 13:05:35.135135135
Walmart,P006,68.09,2024-04-24 07:44:08.648648648
BestBuy,P039,666.46,2024-01-22 14:26:18.378378378
BestBuy,P014,1061.85,2024-05-08 10:42:52.972972972
Costco,P047,220.81,2024-05-13 18:19:49.189189188
Costco,P039,1435.16,2024-01-31 17:46:40.000000000
Walmart,P035,1736.05,2024-06-15 00:00:00.000000000
Target,P020,550.29,2024-03-18 02:25:35.135135135
BestBuy,P010,833.92,2024-02-18 08:30:16.216216216
BestBuy,P024,1493.27,2024-02-11 20:58:22.702702702
BestBuy,P032,402.67,2024-02-07 13:17:07.027027027
BestBuy,P001,1228.8,2024-03-29 05:37:17.837837837
Target,P017,73.0,2024-02-14 08:47:34.054054054
Costco,P018,188.53,2024-04-12 20:33:52.432432432
BestBuy,P015,488.51,2024-04-16 04:19:27.567567566
Target,P048,814.99,2024-02-26 19:53:30.810810811
Costco,P026,1477.99,2024-04-30 19:16:02.162162162
Target,P046,784.23,2024-04-20 00:02:52.972972972
BestBuy,P036,1705.39,2024-01-03 23:47:01.621621621
Walmart,P022,876.28,2024-01-15 10:57:17.837837837
Costco,P050,236.42,2024-04-12 12:35:18.918918918
Target,P022,564.94,2024-03-10 18:57:17.837837837
Costco,P011,1953.12,2024-06-01 20:56:56.216216216
Costco,P005,1249.77,2024-06-12 08:11:31.891891892
Target,P049,1835.58,2024-06-14 08:02:52.972972972
Target,P041,1779.97,2024-04-16 20:16:34.594594594
Costco,P029,538.91,2024-04-22 07:52:47.567567566
Costco,P047,97.66,2024-01-30 09:52:25.945945946
Target,P043,1403.54,2024-04-13 12:30:59.459459459
Target,P042,688.28,2024-02-01 13:43:03.783783783
Target,P008,551.21,2024-02-12 08:56:12.972972972
Target,P023,1072.22,2024-05-11 18:28:28.108108108
Costco,P035,1217.16,2024-01-08 03:29:00.540540540
Costco,P031,418.29,2024-02-15 12:42:31.351351351
Target,P050,806.65,2024-02-26 07:55:40.540540540
Costco,P003,1911.91,2024-03-15 06:37:50.270270270
Target,P001,934.27,2024-03-21 22:09:00.540540540
BestBuy,P018,496.73,2024-03-25 09:53:52.432432432
Walmart,P002,1232.88,2024-03-31 21:25:45.945945945
BestBuy,P047,1783.48,2024-02-28 11:46:18.378378378
Target,P016,1526.6,2024-06-09 16:23:03.783783782
Costco,P027,1459.37,2024-02-21 20:15:08.108108108
Costco,P002,674.22,2024-05-16 18:06:50.810810810
BestBuy,P018,344.72,2024-01-09 07:23:57.837837837
Target,P003,983.34,2024-06-02 20:52:36.756756756
Target,P046,760.89,2024-01-22 10:27:01.621621621
BestBuy,P003,1228.76,2024-01-24 10:18:22.702702702
Target,P028,941.73,2024-04-08 16:51:53.513513513
Target,P025,1890.53,2024-03-03 11:29:00.540540540
Costco,P004,619.11,2024-03-19 02:21:15.675675675
Costco,P043,1427.52,2024-03-29 01:38:01.081081081
Target,P014,274.03,2024-01-01 23:55:40.540540540
BestBuy,P004,1574.56,2024-01-09 03:24:41.081081081
Target,P048,67.67,2024-05-29 21:09:54.594594594
Walmart,P039,1839.65,2024-01-31 21:45:56.756756756
Target,P028,1105.58,2024-06-10 00:21:37.297297296
Costco,P023,363.41,2024-02-14 12:46:50.810810810
Target,P007,141.71,2024-04-23 15:47:01.621621622
Walmart,P038,193.94,2024-04-11 12:39:38.378378378
BestBuy,P035,436.53,2024-01-07 07:32:36.756756756
Walmart,P012,536.63,2024-06-11 12:15:08.108108108
Walmart,P001,983.8,2024-02-22 08:12:58.378378378
Walmart,P046,1755.18,2024-03-02 07:34:03.243243243
BestBuy,P002,979.58,2024-02-02 13:38:44.324324324
Costco,P044,1066.74,2024-04-07 00:59:05.945945945
Target,P017,1758.51,2024-05-17 22:01:48.108108108
Walmart,P027,795.54,2024-01-01 07:58:33.513513513
BestBuy,P046,1950.99,2024-03-15 22:34:57.297297297
Walmart,P045,1576.28,2024-06-11 20:13:41.621621620
Target,P003,1718.7,2024-01-18 06:45:02.702702702
Target,P038,706.81,2024-05-02 11:08:49.729729730
BestBuy,P005,1572.36,2024-01-01 07:58:33.513513513
Walmart,P027,1159.69,2024-05-15 14:11:53.513513512
BestBuy,P002,538.79,2024-03-10 03:00:10.810810810
BestBuy,P040,721.73,2024-04-11 20:38:11.891891891
Costco,P012,1504.92,2024-04-11 12:39:38.378378378
BestBuy,P021,1812.68,2024-03-15 10:37:07.027027027
BestBuy,P047,1895.09,2024-03-13 14:45:02.702702702
Walmart,P036,54.46,2024-02-02 05:40:10.810810810
BestBuy,P034,1097.89,2024-05-08 10:42:52.972972972
Costco,P031,1572.41,2024-02-08 09:13:30.810810810
BestBuy,P002,1682.63,2024-04-21 19:54:57.297297296
Target,P029,827.01,2024-02-02 21:37:17.837837837
Costco,P001,232.26,2024-01-14 07:02:20.540540540
Target,P014,332.38,2024-02-24 00:05:45.945945946
BestBuy,P023,1944.99,2024-04-14 00:28:49.729729729
Target,P032,1324.25,2024-06-10 00:21:37.297297296
BestBuy,P013,1367.03,2024-03-13 10:45:45.945945946
Target,P040,1424.21,2024-02-06 21:20:00.000000000
Target,P045,341.44,2024-04-05 13:05:35.135135135
Costco,P015,511.32,2024-02-15 04:43:57.837837837
Walmart,P014,1279.78,2024-05-04 03:01:37.297297296
BestBuy,P010,1649.75,2024-05-23 01:39:27.567567566
BestBuy,P009,919.46,2024-01-22 14:26:18.378378378
BestBuy,P018,1369.99,2024-01-27 14:04:41.081081081
BestBuy,P032,179.28,2024-05-24 09:33:41.621621620
Walmart,P026,1156.77,2024-02-14 16:46:07.567567567
Costco,P005,1400.62,2024-02-26 07:55:40.540540540
BestBuy,P032,1560.56,2024-01-27 18:03:57.837837837
BestBuy,P038,1503.8,2024-01-10 11:18:55.135135135
Walmart,P021,1228.59,2024-03-04 23:22:31.351351351
Target,P031,780.9,2024-03-25 21:51:42.702702702
Target,P025,833.11,2024-04-14 12:26:40.000000000
BestBuy,P024,430.54,2024-01-03 11:49:11.351351351
BestBuy,P030,710.93,2024-01-28 14:00:21.621621621
Walmart,P026,1451.14,2024-01-17 06:49:22.162162162
Walmart,P012,330.14,2024-05-07 06:47:55.675675674
BestBuy,P012,76.76,2024-04-12 20:33:52.432432432
Walmart,P023,1706.31,2024-01-30 01:53:52.432432432
Target,P033,537.0,2024-05-15 02:14:03.243243242
Walmart,P005,1791.62,2024-01-31 21:45:56.756756756
BestBuy,P022,1003.75,2024-04-02 01:20:43.243243243
Costco,P012,739.78,2024-01-22 02:28:28.108108108
Costco,P016,1629.43,2024-03-28 17:39:27.567567567
Costco,P017,1007.19,2024-01-14 19:00:10.810810810
Target,P033,1833.28,2024-01-24 10:18:22.702702702
BestBuy,P005,78.93,2024-03-12 14:49:22.162162162
Target,P033,275.65,2024-05-02 19:07:23.243243242
Target,P031,1581.69,2024-01-31 05:48:49.729729729
BestBuy,P032,263.27,2024-04-02 21:17:07.027027027
Target,P024,1584.67,2024-02-28 07:47:01.621621621
Costco,P036,940.68,2024-05-19 17:53:52.432432432
Target,P001,1110.0,2024-02-21 08:17:17.837837837
Costco,P013,927.38,2024-05-17 14:03:14.594594594
Costco,P040,1451.82,2024-02-03 21:32:58.378378378
Target,P049,725.29,2024-02-27 03:52:04.324324324
Costco,P005,1845.96,2024-03-31 21:25:45.945945945
Target,P010,738.69,2024-02-11 20:58:22.702702702
Walmart,P049,127.45,2024-03-06 11:16:02.162162162
Target,P003,538.35,2024-05-22 09:42:20.540540540
Costco,P047,1952.46,2024-05-21 05:47:23.243243242
Costco,P046,480.61,2024-02-09 13:08:28.108108108
Costco,P027,448.14,2024-04-21 23:54:14.054054054
Costco,P007,1485.55,2024-01-29 05:57:28.648648648
Costco,P017,1926.38,2024-06-13 04:07:55.675675674
Target,P046,55.54,2024-03-23 02:03:57.837837837
Costco,P024,1698.04,2024-05-08 14:42:09.729729730
Costco,P034,826.09,2024-01-20 06:36:23.783783783
Costco,P005,1428.2,2024-05-04 07:00:54.054054054
Costco,P037,911.83,2024-01-01 03:59:16.756756756
Target,P003,1885.37,2024-02-27 23:48:28.108108108
BestBuy,P016,145.97,2024-03-25 21:51:42.702702702
Target,P032,1498.17,2024-02-24 00:05:45.945945946
BestBuy,P040,123.42,2024-02-15 20:41:04.864864864
Costco,P026,237.73,2024-03-22 14:06:07.567567567
BestBuy,P020,1603.94,2024-06-02 16:53:20.000000000
Costco,P034,361.53,2024-03-12 18:48:38.918918919
BestBuy,P034,965.15,2024-04-21 19:54:57.297297296
BestBuy,P026,1906.37,2024-03-18 22:21:58.918918918
Walmart,P023,1839.36,2024-05-12 22:23:25.405405404
Target,P032,1550.07,2024-01-12 07:10:59.459459459
Target,P023,388.47,2024-05-15 22:10:27.027027026
Costco,P021,1512.48,2024-01-10 11:18:55.135135135
BestBuy,P007,1076.48,2024-01-18 10:44:19.459459459
BestBuy,P050,101.81,2024-04-28 03:27:34.054054054
Target,P027,981.34,2024-06-02 00:56:12.972972972
BestBuy,P037,202.6,2024-02-19 12:25:13.513513513
Walmart,P003,1619.88,2024-03-14 10:41:26.486486486
Target,P042,1124.14,2024-06-03 12:49:43.783783782
Costco,P040,669.55,2024-02-21 20:15:08.108108108
Costco,P027,1685.33,2024-03-28 09:40:54.054054054
BestBuy,P032,1793.75,2024-03-24 17:56:45.405405405
Target,P011,1042.51,2024-04-08 16:51:53.513513513
Costco,P003,250.09,2024-04-15 12:22:20.540540540
Costco,P048,198.37,2024-01-05 07:41:15.675675675
Target,P034,1622.17,2024-04-03 09:14:57.297297297
BestBuy,P019,1321.51,2024-04-11 00:41:48.108108108
BestBuy,P050,1478.73,2024-02-03 01:36:34.594594594
Target,P011,895.85,2024-01-29 01:58:11.891891891
Target,P038,500.48,2024-03-16 10:32:47.567567567
BestBuy,P026,1195.87,2024-01-10 19:17:28.648648648
Walmart,P038,1793.76,2024-04-01 09:23:36.216216216
Walmart,P009,1719.94,2024-02-15 00:44:41.081081081
Target,P009,404.41,2024-03-20 06:16:12.972972973
Costco,P031,1646.81,2024-04-27 03:31:53.513513512
Costco,P023,216.47,2024-05-24 13:32:58.378378378
BestBuy,P004,1193.78,2024-05-02 03:10:16.216216216
Target,P020,1590.13,2024-02-12 04:56:56.216216216
Target,P041,826.57,2024-03-05 03:21:48.108108108
Costco,P011,970.9,2024-01-23 18:21:15.675675675
Target,P003,1384.71,2024-04-04 17:09:11.351351351
BestBuy,P019,1993.66,2024-05-02 03:10:16.216216216
Costco,P026,916.81,2024-01-16 22:50:48.648648648
Target,P041,1825.69,2024-06-06 16:36:02.162162162
Costco,P037,433.18,2024-05-04 18:58:44.324324324
Walmart,P012,1599.9,2024-01-18 02:45:45.945945945
Walmart,P011,592.38,2024-03-12 10:50:05.405405405
Target,P040,406.36,2024-01-18 22:42:09.729729729
BestBuy,P018,532.28,2024-05-18 17:58:11.891891892
Target,P046,1269.02,2024-01-26 10:09:43.783783783
Costco,P030,352.43,2024-04-03 05:15:40.540540540
BestBuy,P034,1088.85,2024-01-11 03:16:02.162162162
Walmart,P038,1896.48,2024-02-26 23:52:47.567567567
Costco,P042,1607.55,2024-06-14 12:02:09.729729728
Target,P006,1921.8,2024-05-13 02:22:42.162162162
Costco,P022,1672.3,2024-03-27 21:43:03.783783783
Walmart,P042,621.59,2024-03-20 06:16:12.972972973
Target,P012,1302.23,2024-02-24 08:04:19.459459459
Costco,P020,1219.12,2024-03-29 01:38:01.081081081
Walmart,P037,1061.49,2024-01-11 23:12:25.945945945
BestBuy,P050,609.9,2024-02-29 19:40:32.432432432
Costco,P001,1796.87,2024-01-18 14:43:36.216216216
BestBuy,P003,50.51,2024-01-02 19:52:04.324324324
BestBuy,P003,712.69,2024-04-17 20:12:15.135135134
Costco,P008,1202.19,2024-04-26 15:34:03.243243242
BestBuy,P017,1306.98,2024-01-14 19:00:10.810810810
Target,P029,583.45,2024-04-24 11:43:25.405405404
BestBuy,P047,199.28,2024-01-14 03:03:03.783783783
Walmart,P029,1084.38,2024-02-18 04:30:59.459459459
Costco,P001,756.39,2024-04-15 12:22:20.540540540
Walmart,P031,239.6,2024-06-06 04:38:11.891891892
Costco,P006,639.5,2024-04-02 09:19:16.756756756
Target,P033,760.64,2024-05-22 21:40:10.810810810
Walmart,P039,1362.81,2024-01-10 23:16:45.405405405
Costco,P041,1935.04,2024-03-03 15:28:17.297297297
Target,P030,1657.7,2024-02-13 20:49:43.783783783
BestBuy,P005,1935.38,2024-05-29 17:10:37.837837838
Target,P014,994.9,2024-02-21 04:18:01.081081081
Costco,P011,1534.95,2024-03-18 18:22:42.162162162
BestBuy,P014,383.36,2024-02-19 12:25:13.513513513
Target,P033,1948.47,2024-02-06 09:22:09.729729729
Target,P006,624.03,2024-01-06 07:36:56.216216216
Costco,P019,975.5,2024-05-23 17:36:34.594594594
Costco,P003,1845.61,2024-02-16 00:40:21.621621621
Target,P031,1912.13,2024-05-01 19:11:42.702702702
Costco,P036,1326.37,2024-05-08 06:43:36.216216216
Costco,P044,869.16,2024-03-25 17:52:25.945945945
Walmart,P041,585.2,2024-03-26 09:49:32.972972973
Target,P015,723.19,2024-05-13 10:21:15.675675674
Costco,P031,1655.13,2024-01-18 14:43:36.216216216
Walmart,P001,733.6,2024-05-03 07:05:13.513513512
Target,P023,1025.72,2024-02-22 20:10:48.648648648
BestBuy,P013,1364.99,2024-01-11 15:13:52.432432432
BestBuy,P001,1921.04,2024-05-27 13:20:00.000000000
Target,P041,91.73,2024-02-16 20:36:45.405405405
BestBuy,P001,303.31,2024-02-08 09:13:30.810810810
Walmart,P014,1424.29,2024-03-16 02:34:14.054054054
Target,P027,496.82,2024-02-16 20:36:45.405405405
Walmart,P006,697.04,2024-04-24 03:44:51.891891892
Target,P036,1492.87,2024-03-09 07:03:47.027027027
Walmart,P021,877.4,2024-01-30 05:53:09.189189189
Walmart,P028,1196.53,2024-04-20 12:00:43.243243242
Target,P031,69.44,2024-04-29 11:21:48.108108108
Costco,P007,1092.94,2024-06-04 12:45:24.324324324
BestBuy,P032,1290.81,2024-01-14 19:00:10.810810810
BestBuy,P024,1541.43,2024-02-27 03:52:04.324324324
Costco,P020,1674.87,2024-03-08 07:08:06.486486486
Costco,P043,1506.26,2024-03-26 09:49:32.972972973
Costco,P047,1686.06,2024-06-07 00:34:35.675675674
Target,P022,1102.91,2024-03-05 19:18:55.135135135
Target,P003,1538.79,2024-03-31 09:27:55.675675675
Target,P042,349.71,2024-02-09 01:10:37.837837837
Walmart,P009,1548.66,2024-04-29 19:20:21.621621620
Walmart,P034,1861.2,2024-03-29 13:35:51.351351351
Costco,P037,757.73,2024-02-25 00:01:26.486486486
BestBuy,P020,257.61,2024-02-28 11:46:18.378378378
BestBuy,P005,1660.18,2024-02-17 04:35:18.918918918
Costco,P028,424.63,2024-03-01 23:35:29.729729729
Walmart,P031,423.98,2024-06-08 08:28:49.729729728
Target,P036,1828.16,2024-04-20 00:02:52.972972972
Target,P012,682.02,2024-02-11 01:01:58.918918918
Target,P047,577.05,2024-01-18 22:42:09.729729729
Target,P044,1198.81,2024-04-22 15:51:21.081081080
Walmart,P030,580.45,2024-03-10 03:00:10.810810810
Costco,P048,963.86,2024-04-17 00:15:51.351351350
BestBuy,P004,403.76,2024-04-16 12:18:01.081081080
Target,P040,1479.67,2024-03-12 22:47:55.675675675
Costco,P001,1467.03,2024-03-05 03:21:48.108108108
Costco,P003,513.33,2024-04-28 07:26:50.810810810
Target,P050,1691.11,2024-06-07 00:34:35.675675674
Target,P013,1937.86,2024-04-14 12:26:40.000000000
Costco,P009,734.31,2024-02-01 13:43:03.783783783
Walmart,P032,1910.87,2024-04-15 08:23:03.783783784
BestBuy,P007,834.35,2024-03-04 23:22:31.351351351
Walmart,P006,909.62,2024-05-17 10:03:57.837837838
BestBuy,P014,717.23,2024-04-13 08:31:42.702702702
BestBuy,P006,1233.62,2024-04-11 00:41:48.108108108
BestBuy,P003,1585.23,2024-04-30 11:17:28.648648648
Walmart,P013,1471.1,2024-05-14 06:17:39.459459458
BestBuy,P003,1766.05,2024-03-03 11:29:00.540540540
Costco,P019,662.53,2024-04-10 16:43:14.594594594
Walmart,P039,1996.78,2024-01-12 15:09:32.972972972
Target,P032,895.49,2024-05-11 14:29:11.351351350
Costco,P002,1935.51,2024-06-12 04:12:15.135135134
Target,P024,782.17,2024-03-01 03:39:05.945945946
Walmart,P029,536.53,2024-01-02 03:54:57.297297297
BestBuy,P012,1886.34,2024-06-08 04:29:32.972972972
Target,P024,1930.06,2024-05-26 01:26:29.189189188
Walmart,P050,1334.98,2024-01-06 19:34:46.486486486
BestBuy,P045,169.39,2024-05-01 23:10:59.459459458
Costco,P016,1636.54,2024-04-11 20:38:11.891891891
Costco,P029,957.33,2024-04-05 09:06:18.378378378
BestBuy,P026,392.05,2024-03-28 01:42:20.540540540
Target,P022,70.68,2024-06-09 08:24:30.270270270
Costco,P041,562.03,2024-05-25 09:29:22.162162162
Target,P017,1330.3,2024-06-11 08:15:51.351351350
Target,P003,1012.39,2024-01-11 07:15:18.918918918
Costco,P049,1919.2,2024-02-19 08:25:56.756756756
Walmart,P046,1235.94,2024-01-09 19:21:48.108108108
Target,P005,1277.1,2024-04-20 19:59:16.756756756
Walmart,P034,1848.33,2024-05-22 05:43:03.783783784
Walmart,P019,381.08,2024-01-03 23:47:01.621621621
BestBuy,P049,514.06,2024-02-14 04:48:17.297297297
BestBuy,P024,339.94,2024-02-24 12:03:36.216216216
Target,P036,1502.33,2024-01-23 02:24:08.648648648
Target,P001,638.34,2024-01-18 06:45:02.702702702
BestBuy,P008,1544.38,2024-03-31 17:26:29.189189189
Target,P046,128.85,2024-04-08 12:52:36.756756756
Target,P006,1532.42,2024-04-08 16:51:53.513513513
Target,P039,1178.21,2024-05-15 10:12:36.756756756
Walmart,P002,655.27,2024-02-21 00:18:44.324324324
Target,P036,1873.49,2024-04-03 13:14:14.054054054
BestBuy,P043,1079.99,2024-01-30 21:50:16.216216216
Costco,P018,1057.89,2024-01-03 23:47:01.621621621
Costco,P047,1004.06,2024-03-28 21:38:44.324324324
Target,P016,1285.09,2024-03-30 09:32:15.135135135
Costco,P049,1512.84,2024-02-14 04:48:17.297297297
BestBuy,P032,685.54,2024-05-13 22:19:05.945945946
Target,P042,672.08,2024-01-23 14:21:58.918918918
Target,P032,1542.87,2024-02-26 23:52:47.567567567
Costco,P013,605.26,2024-03-19 18:18:22.702702702
Target,P019,397.47,2024-03-14 06:42:09.729729729
Walmart,P046,163.31,2024-03-21 06:11:53.513513513
Target,P001,1139.32,2024-03-19 22:17:39.459459459
Costco,P009,914.57,2024-02-17 00:36:02.162162162
Costco,P048,1331.99,2024-04-07 20:55:29.729729729
Walmart,P046,267.59,2024-02-21 04:18:01.081081081
Target,P033,247.73,2024-05-04 22:58:01.081081080
Walmart,P042,565.17,2024-03-29 01:38:01.081081081
Target,P020,1975.77,2024-04-29 23:19:38.378378378
Target,P013,609.0,2024-04-23 19:46:18.378378378
Target,P044,911.92,2024-02-05 09:26:29.189189189
Costco,P029,1404.51,2024-02-02 09:39:27.567567567
Walmart,P026,1412.97,2024-02-26 23:52:47.567567567
BestBuy,P030,1134.56,2024-05-15 22:10:27.027027026
Costco,P048,270.69,2024-02-05 05:27:12.432432432
Walmart,P034,558.24,2024-01-28 02:02:31.351351351
Walmart,P043,1617.38,2024-06-12 04:12:15.135135134
Costco,P023,1038.23,2024-01-18 06:45:02.702702702
Target,P036,777.87,2024-05-26 21:22:52.972972972
BestBuy,P006,803.77,2024-04-14 12:26:40.000000000
Walmart,P046,1426.86,2024-05-27 17:19:16.756756756
BestBuy,P009,712.43,2024-03-23 14:01:48.108108108
Target,P004,1218.88,2024-01-13 15:05:13.513513513
BestBuy,P022,196.37,2024-02-26 07:55:40.540540540
Target,P005,501.37,2024-02-05 09:26:29.189189189
Walmart,P036,1370.42,2024-05-21 21:44:30.270270270
BestBuy,P045,184.34,2024-03-25 05:54:35.675675675
Costco,P017,694.35,2024-02-21 04:18:01.081081081
Target,P011,1377.39,2024-02-17 16:33:09.189189189
BestBuy,P010,1017.42,2024-06-09 12:23:47.027027026
Target,P017,882.26,2024-03-08 23:05:13.513513513
Target,P048,687.4,2024-04-24 07:44:08.648648648
Target,P011,815.81,2024-05-14 06:17:39.459459458
Walmart,P039,1864.0,2024-02-19 20:23:47.027027027
Target,P024,1760.16,2024-04-07 16:56:12.972972972
Target,P049,1923.03,2024-04-30 11:17:28.648648648
Walmart,P003,267.58,2024-01-05 19:39:05.945945945
Walmart,P041,449.92,2024-05-17 10:03:57.837837838
Costco,P011,811.0,2024-02-25 04:00:43.243243243
Costco,P030,1908.35,2024-02-16 00:40:21.621621621
Walmart,P038,987.61,2024-06-06 12:36:45.405405404
BestBuy,P024,1026.06,2024-02-19 20:23:47.027027027
Walmart,P009,1080.7,2024-04-20 08:01:26.486486486
Target,P044,1877.38,2024-06-02 20:52:36.756756756
Costco,P010,1862.35,2024-03-24 01:59:38.378378378
Walmart,P029,1613.61,2024-01-17 22:46:29.189189189
Costco,P038,274.03,2024-01-01 11:57:50.270270270
Target,P043,1876.53,2024-02-05 01:27:55.675675675
Target,P048,411.71,2024-03-17 18:27:01.621621621
Target,P022,211.86,2024-04-26 03:36:12.972972972
Target,P028,1511.93,2024-01-19 18:38:33.513513513
BestBuy,P033,635.53,2024-04-25 23:36:56.216216216
Walmart,P029,1360.5,2024-03-18 10:24:08.648648648
BestBuy,P047,1589.43,2024-05-03 11:04:30.270270270
Walmart,P028,1783.34,2024-04-24 07:44:08.648648648
Target,P015,1874.76,2024-05-03 19:03:03.783783784
Walmart,P017,651.84,2024-02-07 21:15:40.540540540
Target,P018,604.22,2024-01-22 02:28:28.108108108
Costco,P020,384.83,2024-04-15 04:23:47.027027026
Costco,P028,1631.21,2024-05-06 06:52:15.135135134
Costco,P050,707.51,2024-01-22 10:27:01.621621621
Target,P002,842.2,2024-04-17 20:12:15.135135134
Costco,P005,687.64,2024-01-19 06:40:43.243243243
Costco,P022,104.02,2024-04-21 07:57:07.027027026
