TransactionID,CustomerID,ProductID,TransactionDate,Quantity,Price,Discount,TotalAmount
T00001,C058,P004,2024-01-01 00:00:00.000000000,1,1346.89,0.17,1117.92
T00002,C057,P041,2024-01-01 03:59:16.756756756,4,1078.39,0.11,3839.07
T00003,C181,P025,2024-01-01 07:58:33.513513513,2,1289.44,0.0,2578.88
T00004,C060,P032,2024-01-01 11:57:50.270270270,2,813.29,0.1,1463.92
T00005,C192,P050,2024-01-01 15:57:07.027027027,1,1506.03,0.02,1475.91
T00006,C050,P049,2024-01-01 19:56:23.783783783,2,54.62,0.0,109.24
T00007,C067,P042,2024-01-01 23:55:40.540540540,4,243.63,0.26,721.14
T00008,C007,P005,2024-01-02 03:54:57.297297297,5,1573.29,0.19,6371.82
T00009,C075,P001,2024-01-02 07:54:14.054054054,2,644.61,0.3,902.45
T00010,C104,P039,2024-01-02 11:53:30.810810810,3,1382.35,0.25,3110.29
T00011,C097,P013,2024-01-02 15:52:47.567567567,5,1374.86,0.08,6324.36
T00012,C031,P006,2024-01-02 19:52:04.324324324,4,315.99,0.11,1124.92
T00013,C033,P006,2024-01-02 23:51:21.081081081,4,597.57,0.12,2103.45
T00014,C052,P005,2024-01-03 03:50:37.837837837,1,380.6,0.15,323.51
T00015,C181,P042,2024-01-03 07:49:54.594594594,4,705.64,0.1,2540.3
T00016,C122,P040,2024-01-03 11:49:11.351351351,1,548.2,0.2,438.56
T00017,C096,P003,2024-01-03 15:48:28.108108108,1,1698.44,0.11,1511.61
T00018,C151,P020,2024-01-03 19:47:44.864864864,2,1801.5,0.07,3350.79
T00019,C014,P041,2024-01-03 23:47:01.621621621,5,1257.11,0.3,4399.88
T00020,C099,P007,2024-01-04 03:46:18.378378378,3,574.69,0.11,1534.42
T00021,C030,P002,2024-01-04 07:45:35.135135135,3,891.8,0.28,1926.29
T00022,C065,P049,2024-01-04 11:44:51.891891891,2,1149.43,0.24,1747.13
T00023,C145,P036,2024-01-04 15:44:08.648648648,2,1840.66,0.19,2981.87
T00024,C133,P040,2024-01-04 19:43:25.405405405,1,1345.78,0.27,982.42
T00025,C135,P044,2024-01-04 23:42:42.162162162,4,1125.68,0.2,3602.18
T00026,C177,P028,2024-01-05 03:41:58.918918918,5,1190.91,0.15,5061.37
T00027,C030,P026,2024-01-05 07:41:15.675675675,1,1265.78,0.18,1037.94
T00028,C129,P026,2024-01-05 11:40:32.432432432,2,1169.29,0.12,2057.95
T00029,C170,P048,2024-01-05 15:39:49.189189189,4,767.39,0.12,2701.21
T00030,C057,P002,2024-01-05 19:39:05.945945945,3,1244.05,0.29,2649.83
T00031,C197,P031,2024-01-05 23:38:22.702702702,3,926.8,0.26,2057.5
T00032,C004,P034,2024-01-06 03:37:39.459459459,2,1870.61,0.08,3441.92
T00033,C045,P024,2024-01-06 07:36:56.216216216,4,304.37,0.05,1156.61
T00034,C144,P040,2024-01-06 11:36:12.972972972,5,362.45,0.07,1685.39
T00035,C104,P040,2024-01-06 15:35:29.729729729,1,1334.29,0.09,1214.2
T00036,C124,P026,2024-01-06 19:34:46.486486486,4,1878.52,0.23,5785.84
T00037,C145,P043,2024-01-06 23:34:03.243243243,3,1686.1,0.18,4147.81
T00038,C006,P040,2024-01-07 03:33:19.999999999,3,958.44,0.29,2041.48
T00039,C088,P001,2024-01-07 07:32:36.756756756,1,1286.91,0.06,1209.7
T00040,C160,P016,2024-01-07 11:31:53.513513513,5,514.83,0.21,2033.58
T00041,C084,P022,2024-01-07 15:31:10.270270270,5,848.8,0.2,3395.2
T00042,C052,P002,2024-01-07 19:30:27.027027027,2,1439.42,0.14,2475.8
T00043,C103,P042,2024-01-07 23:29:43.783783783,1,1844.31,0.24,1401.68
T00044,C190,P041,2024-01-08 03:29:00.540540540,3,906.55,0.24,2066.93
T00045,C103,P009,2024-01-08 07:28:17.297297297,2,1422.99,0.18,2333.7
T00046,C112,P044,2024-01-08 11:27:34.054054054,1,1705.04,0.19,1381.08
T00047,C106,P050,2024-01-08 15:26:50.810810810,5,367.73,0.0,1838.65
T00048,C084,P046,2024-01-08 19:26:07.567567567,2,656.82,0.23,1011.5
T00049,C098,P015,2024-01-08 23:25:24.324324324,3,1819.39,0.29,3875.3
T00050,C017,P020,2024-01-09 03:24:41.081081081,2,1189.32,0.08,2188.35
T00051,C173,P029,2024-01-09 07:23:57.837837837,5,1147.65,0.26,4246.31
T00052,C106,P046,2024-01-09 11:23:14.594594594,3,1952.06,0.06,5504.81
T00053,C179,P043,2024-01-09 15:22:31.351351351,4,1479.38,0.22,4615.67
T00054,C019,P031,2024-01-09 19:21:48.108108108,1,1028.84,0.29,730.48
T00055,C196,P043,2024-01-09 23:21:04.864864864,5,694.23,0.14,2985.19
T00056,C013,P045,2024-01-10 03:20:21.621621621,5,1696.13,0.14,7293.36
T00057,C111,P045,2024-01-10 07:19:38.378378378,2,793.0,0.15,1348.1
T00058,C152,P032,2024-01-10 11:18:55.135135135,4,763.01,0.23,2350.07
T00059,C056,P013,2024-01-10 15:18:11.891891891,1,818.57,0.15,695.78
T00060,C197,P036,2024-01-10 19:17:28.648648648,1,489.77,0.13,426.1
T00061,C189,P036,2024-01-10 23:16:45.405405405,3,798.73,0.21,1892.99
T00062,C111,P042,2024-01-11 03:16:02.162162162,3,1739.8,0.24,3966.74
T00063,C126,P043,2024-01-11 07:15:18.918918918,2,329.08,0.23,506.78
T00064,C122,P004,2024-01-11 11:14:35.675675675,3,1645.9,0.04,4740.19
T00065,C009,P038,2024-01-11 15:13:52.432432432,5,367.05,0.09,1670.08
T00066,C120,P038,2024-01-11 19:13:09.189189189,2,1981.61,0.16,3329.1
T00067,C114,P020,2024-01-11 23:12:25.945945945,3,1505.16,0.07,4199.4
T00068,C043,P048,2024-01-12 03:11:42.702702702,1,1586.24,0.18,1300.72
T00069,C087,P008,2024-01-12 07:10:59.459459459,2,363.43,0.18,596.03
T00070,C112,P026,2024-01-12 11:10:16.216216216,1,742.48,0.2,593.98
T00071,C020,P018,2024-01-12 15:09:32.972972972,5,1204.77,0.03,5843.13
T00072,C196,P043,2024-01-12 19:08:49.729729729,1,326.62,0.15,277.63
T00073,C118,P023,2024-01-12 23:08:06.486486486,4,920.48,0.01,3645.1
T00074,C070,P018,2024-01-13 03:07:23.243243243,2,975.84,0.18,1600.38
T00075,C101,P010,2024-01-13 07:06:39.999999999,1,959.07,0.21,757.67
T00076,C063,P044,2024-01-13 11:05:56.756756756,1,1902.21,0.16,1597.86
T00077,C141,P022,2024-01-13 15:05:13.513513513,3,480.36,0.28,1037.58
T00078,C155,P009,2024-01-13 19:04:30.270270270,4,1614.24,0.02,6327.82
T00079,C140,P012,2024-01-13 23:03:47.027027027,5,1178.03,0.11,5242.23
T00080,C120,P006,2024-01-14 03:03:03.783783783,1,705.25,0.05,669.99
T00081,C160,P038,2024-01-14 07:02:20.540540540,4,936.68,0.21,2959.91
T00082,C062,P014,2024-01-14 11:01:37.297297297,3,1063.98,0.16,2681.23
T00083,C084,P013,2024-01-14 15:00:54.054054054,4,1147.48,0.29,3258.84
T00084,C188,P015,2024-01-14 19:00:10.810810810,5,1819.98,0.27,6642.93
T00085,C050,P001,2024-01-14 22:59:27.567567567,1,1124.41,0.16,944.5
T00086,C062,P031,2024-01-15 02:58:44.324324324,2,1266.34,0.16,2127.45
T00087,C069,P030,2024-01-15 06:58:01.081081081,4,1776.31,0.18,5826.3
T00088,C018,P019,2024-01-15 10:57:17.837837837,1,333.26,0.28,239.95
T00089,C130,P048,2024-01-15 14:56:34.594594594,2,629.84,0.2,1007.74
T00090,C086,P023,2024-01-15 18:55:51.351351351,2,981.52,0.13,1707.84
T00091,C020,P033,2024-01-15 22:55:08.108108108,5,1000.3,0.01,4951.48
T00092,C067,P006,2024-01-16 02:54:24.864864864,1,810.34,0.21,640.17
T00093,C079,P041,2024-01-16 06:53:41.621621621,2,206.39,0.21,326.1
T00094,C200,P018,2024-01-16 10:52:58.378378378,1,1011.03,0.22,788.6
T00095,C177,P026,2024-01-16 14:52:15.135135135,3,344.02,0.16,866.93
T00096,C170,P004,2024-01-16 18:51:31.891891891,5,1398.51,0.16,5873.74
T00097,C090,P014,2024-01-16 22:50:48.648648648,1,1575.85,0.26,1166.13
T00098,C152,P014,2024-01-17 02:50:05.405405405,1,298.85,0.04,286.9
T00099,C100,P029,2024-01-17 06:49:22.162162162,5,637.74,0.24,2423.41
T00100,C132,P042,2024-01-17 10:48:38.918918918,1,1810.29,0.29,1285.31
T00101,C022,P026,2024-01-17 14:47:55.675675675,1,1488.98,0.08,1369.86
T00102,C069,P023,2024-01-17 18:47:12.432432432,4,1993.76,0.21,6300.28
T00103,C070,P010,2024-01-17 22:46:29.189189189,4,1813.9,0.28,5224.03
T00104,C105,P011,2024-01-18 02:45:45.945945945,1,1481.13,0.26,1096.04
T00105,C026,P024,2024-01-18 06:45:02.702702702,1,120.08,0.05,114.08
T00106,C155,P009,2024-01-18 10:44:19.459459459,3,1057.96,0.16,2666.06
T00107,C129,P033,2024-01-18 14:43:36.216216216,3,1260.31,0.21,2986.93
T00108,C007,P004,2024-01-18 18:42:52.972972973,2,1296.31,0.08,2385.21
T00109,C134,P023,2024-01-18 22:42:09.729729729,5,1466.65,0.2,5866.6
T00110,C022,P042,2024-01-19 02:41:26.486486486,1,1721.67,0.2,1377.34
T00111,C110,P022,2024-01-19 06:40:43.243243243,3,651.79,0.01,1935.82
T00112,C139,P023,2024-01-19 10:40:00.000000000,1,1078.06,0.3,754.64
T00113,C064,P016,2024-01-19 14:39:16.756756756,4,1156.04,0.05,4392.95
T00114,C052,P027,2024-01-19 18:38:33.513513513,3,1371.27,0.1,3702.43
T00115,C177,P021,2024-01-19 22:37:50.270270270,5,1934.72,0.14,8319.3
T00116,C181,P001,2024-01-20 02:37:07.027027027,5,1270.89,0.19,5147.1
T00117,C005,P022,2024-01-20 06:36:23.783783783,4,558.66,0.2,1787.71
T00118,C175,P002,2024-01-20 10:35:40.540540540,3,570.28,0.26,1266.02
T00119,C084,P014,2024-01-20 14:34:57.297297297,2,187.23,0.12,329.52
T00120,C020,P008,2024-01-20 18:34:14.054054054,2,1649.83,0.03,3200.67
T00121,C063,P048,2024-01-20 22:33:30.810810810,4,1889.9,0.02,7408.41
T00122,C013,P033,2024-01-21 02:32:47.567567567,5,493.79,0.21,1950.47
T00123,C156,P047,2024-01-21 06:32:04.324324324,4,1797.49,0.15,6111.47
T00124,C081,P025,2024-01-21 10:31:21.081081081,2,466.36,0.02,914.07
T00125,C088,P019,2024-01-21 14:30:37.837837837,3,211.92,0.09,578.54
T00126,C092,P027,2024-01-21 18:29:54.594594594,3,411.44,0.24,938.08
T00127,C125,P016,2024-01-21 22:29:11.351351351,2,456.27,0.27,666.15
T00128,C021,P029,2024-01-22 02:28:28.108108108,2,1887.26,0.11,3359.32
T00129,C002,P031,2024-01-22 06:27:44.864864864,4,900.32,0.12,3169.13
T00130,C108,P017,2024-01-22 10:27:01.621621621,1,505.4,0.26,374.0
T00131,C016,P044,2024-01-22 14:26:18.378378378,2,1887.14,0.22,2943.94
T00132,C166,P033,2024-01-22 18:25:35.135135135,4,586.19,0.17,1946.15
T00133,C072,P035,2024-01-22 22:24:51.891891891,3,1490.01,0.13,3888.93
T00134,C136,P024,2024-01-23 02:24:08.648648648,1,1722.03,0.25,1291.52
T00135,C039,P017,2024-01-23 06:23:25.405405405,3,1765.66,0.1,4767.28
T00136,C043,P007,2024-01-23 10:22:42.162162162,1,149.4,0.17,124.0
T00137,C046,P004,2024-01-23 14:21:58.918918918,3,1329.41,0.05,3788.82
T00138,C181,P015,2024-01-23 18:21:15.675675675,2,1129.89,0.01,2237.18
T00139,C125,P046,2024-01-23 22:20:32.432432432,2,84.88,0.04,162.97
T00140,C060,P012,2024-01-24 02:19:49.189189189,3,583.79,0.17,1453.64
T00141,C014,P001,2024-01-24 06:19:05.945945945,5,1636.85,0.02,8020.56
T00142,C158,P001,2024-01-24 10:18:22.702702702,1,1732.38,0.03,1680.41
T00143,C019,P027,2024-01-24 14:17:39.459459459,5,978.4,0.2,3913.6
T00144,C037,P048,2024-01-24 18:16:56.216216216,2,403.86,0.18,662.33
T00145,C126,P045,2024-01-24 22:16:12.972972972,5,226.86,0.22,884.75
T00146,C013,P027,2024-01-25 02:15:29.729729729,3,1242.82,0.14,3206.48
T00147,C033,P016,2024-01-25 06:14:46.486486486,1,82.94,0.26,61.38
T00148,C191,P042,2024-01-25 10:14:03.243243243,1,329.46,0.3,230.62
T00149,C123,P042,2024-01-25 14:13:19.999999999,4,780.43,0.25,2341.29
T00150,C043,P018,2024-01-25 18:12:36.756756756,4,1274.5,0.07,4741.14
T00151,C099,P041,2024-01-25 22:11:53.513513513,3,829.37,0.03,2413.47
T00152,C035,P001,2024-01-26 02:11:10.270270270,4,1622.54,0.13,5646.44
T00153,C123,P001,2024-01-26 06:10:27.027027027,5,1470.58,0.01,7279.37
T00154,C064,P014,2024-01-26 10:09:43.783783783,5,1609.65,0.02,7887.28
T00155,C106,P033,2024-01-26 14:09:00.540540540,3,1471.32,0.06,4149.12
T00156,C022,P025,2024-01-26 18:08:17.297297297,5,1148.21,0.17,4765.07
T00157,C193,P020,2024-01-26 22:07:34.054054054,1,1365.77,0.12,1201.88
T00158,C066,P002,2024-01-27 02:06:50.810810810,2,926.04,0.08,1703.91
T00159,C185,P048,2024-01-27 06:06:07.567567567,4,1234.57,0.21,3901.24
T00160,C056,P003,2024-01-27 10:05:24.324324324,4,433.01,0.07,1610.8
T00161,C171,P018,2024-01-27 14:04:41.081081081,4,1540.36,0.19,4990.77
T00162,C025,P021,2024-01-27 18:03:57.837837837,5,498.03,0.18,2041.92
T00163,C176,P001,2024-01-27 22:03:14.594594594,5,1677.56,0.2,6710.24
T00164,C074,P013,2024-01-28 02:02:31.351351351,1,1241.85,0.2,993.48
T00165,C158,P044,2024-01-28 06:01:48.108108108,1,1312.92,0.12,1155.37
T00166,C162,P010,2024-01-28 10:01:04.864864864,5,243.98,0.12,1073.51
T00167,C126,P037,2024-01-28 14:00:21.621621621,2,908.88,0.09,1654.16
T00168,C145,P029,2024-01-28 17:59:38.378378378,1,935.63,0.14,804.64
T00169,C097,P002,2024-01-28 21:58:55.135135135,3,867.53,0.22,2030.02
T00170,C196,P008,2024-01-29 01:58:11.891891891,5,175.27,0.21,692.32
T00171,C161,P002,2024-01-29 05:57:28.648648648,5,470.0,0.2,1880.0
T00172,C063,P029,2024-01-29 09:56:45.405405405,4,1751.14,0.01,6934.51
T00173,C089,P040,2024-01-29 13:56:02.162162162,4,598.0,0.21,1889.68
T00174,C162,P020,2024-01-29 17:55:18.918918919,3,1638.05,0.08,4521.02
T00175,C105,P030,2024-01-29 21:54:35.675675675,4,851.64,0.1,3065.9
T00176,C013,P020,2024-01-30 01:53:52.432432432,2,787.47,0.05,1496.19
T00177,C049,P012,2024-01-30 05:53:09.189189189,2,1488.12,0.27,2172.66
T00178,C184,P014,2024-01-30 09:52:25.945945946,2,560.54,0.25,840.81
T00179,C155,P013,2024-01-30 13:51:42.702702702,2,71.54,0.29,101.59
T00180,C192,P041,2024-01-30 17:50:59.459459459,1,1541.03,0.28,1109.54
T00181,C139,P049,2024-01-30 21:50:16.216216216,5,776.99,0.24,2952.56
T00182,C188,P050,2024-01-31 01:49:32.972972973,3,1932.88,0.08,5334.75
T00183,C119,P041,2024-01-31 05:48:49.729729729,2,1811.09,0.18,2970.19
T00184,C007,P048,2024-01-31 09:48:06.486486486,2,1923.59,0.23,2962.33
T00185,C001,P043,2024-01-31 13:47:23.243243243,2,272.06,0.17,451.62
T00186,C175,P039,2024-01-31 17:46:40.000000000,3,262.36,0.27,574.57
T00187,C039,P039,2024-01-31 21:45:56.756756756,2,612.3,0.24,930.7
T00188,C084,P036,2024-02-01 01:45:13.513513513,3,525.62,0.14,1356.1
T00189,C071,P039,2024-02-01 05:44:30.270270270,4,1592.4,0.16,5350.46
T00190,C173,P004,2024-02-01 09:43:47.027027027,3,1368.89,0.2,3285.34
T00191,C060,P017,2024-02-01 13:43:03.783783783,5,1197.44,0.22,4670.02
T00192,C163,P047,2024-02-01 17:42:20.540540540,2,435.69,0.2,697.1
T00193,C169,P026,2024-02-01 21:41:37.297297297,5,873.5,0.07,4061.77
T00194,C175,P042,2024-02-02 01:40:54.054054054,5,103.58,0.19,419.5
T00195,C092,P028,2024-02-02 05:40:10.810810810,2,261.22,0.23,402.28
T00196,C172,P049,2024-02-02 09:39:27.567567567,2,358.73,0.13,624.19
T00197,C128,P027,2024-02-02 13:38:44.324324324,3,302.67,0.04,871.69
T00198,C083,P032,2024-02-02 17:38:01.081081081,2,506.89,0.16,851.58
T00199,C106,P017,2024-02-02 21:37:17.837837837,2,634.15,0.26,938.54
T00200,C110,P050,2024-02-03 01:36:34.594594594,3,1903.24,0.16,4796.16
T00201,C071,P032,2024-02-03 05:35:51.351351351,5,446.89,0.14,1921.63
T00202,C159,P028,2024-02-03 09:35:08.108108108,3,1231.5,0.21,2918.66
T00203,C009,P040,2024-02-03 13:34:24.864864864,2,1697.39,0.07,3157.15
T00204,C104,P021,2024-02-03 17:33:41.621621621,4,1714.89,0.1,6173.6
T00205,C153,P002,2024-02-03 21:32:58.378378378,4,217.15,0.26,642.76
T00206,C016,P008,2024-02-04 01:32:15.135135135,2,228.05,0.1,410.49
T00207,C036,P035,2024-02-04 05:31:31.891891891,5,905.68,0.06,4256.7
T00208,C106,P008,2024-02-04 09:30:48.648648648,5,1969.05,0.2,7876.2
T00209,C045,P029,2024-02-04 13:30:05.405405405,2,1333.29,0.22,2079.93
T00210,C150,P021,2024-02-04 17:29:22.162162162,4,822.81,0.3,2303.87
T00211,C197,P044,2024-02-04 21:28:38.918918918,4,450.22,0.02,1764.86
T00212,C143,P010,2024-02-05 01:27:55.675675675,1,1674.43,0.22,1306.06
T00213,C061,P024,2024-02-05 05:27:12.432432432,3,948.62,0.1,2561.27
T00214,C034,P004,2024-02-05 09:26:29.189189189,2,1650.6,0.12,2905.06
T00215,C111,P024,2024-02-05 13:25:45.945945946,2,1691.06,0.22,2638.05
T00216,C033,P003,2024-02-05 17:25:02.702702702,1,250.98,0.24,190.74
T00217,C100,P031,2024-02-05 21:24:19.459459459,1,445.61,0.1,401.05
T00218,C165,P050,2024-02-06 01:23:36.216216216,3,1882.02,0.03,5476.68
T00219,C155,P018,2024-02-06 05:22:52.972972973,5,754.16,0.15,3205.18
T00220,C171,P041,2024-02-06 09:22:09.729729729,2,241.51,0.25,362.26
T00221,C045,P017,2024-02-06 13:21:26.486486486,2,1552.39,0.09,2825.35
T00222,C030,P025,2024-02-06 17:20:43.243243243,4,1171.33,0.27,3420.28
T00223,C011,P050,2024-02-06 21:20:00.000000000,4,673.52,0.13,2343.85
T00224,C145,P031,2024-02-07 01:19:16.756756756,1,899.05,0.07,836.12
T00225,C053,P042,2024-02-07 05:18:33.513513513,5,894.38,0.01,4427.18
T00226,C060,P039,2024-02-07 09:17:50.270270270,2,1199.76,0.17,1991.6
T00227,C083,P046,2024-02-07 13:17:07.027027027,5,105.51,0.15,448.42
T00228,C115,P046,2024-02-07 17:16:23.783783783,4,1967.13,0.09,7160.35
T00229,C188,P039,2024-02-07 21:15:40.540540540,2,574.3,0.26,849.96
T00230,C107,P005,2024-02-08 01:14:57.297297297,1,310.06,0.29,220.14
T00231,C199,P031,2024-02-08 05:14:14.054054054,5,54.98,0.27,200.68
T00232,C176,P048,2024-02-08 09:13:30.810810810,3,1080.69,0.08,2982.7
T00233,C009,P026,2024-02-08 13:12:47.567567567,5,1472.51,0.1,6626.3
T00234,C084,P005,2024-02-08 17:12:04.324324324,5,1965.98,0.07,9141.81
T00235,C053,P025,2024-02-08 21:11:21.081081081,2,1260.3,0.15,2142.51
T00236,C113,P048,2024-02-09 01:10:37.837837837,3,276.78,0.03,805.43
T00237,C026,P004,2024-02-09 05:09:54.594594594,5,1881.5,0.3,6585.25
T00238,C069,P042,2024-02-09 09:09:11.351351351,1,1135.58,0.26,840.33
T00239,C053,P048,2024-02-09 13:08:28.108108108,2,1201.13,0.05,2282.15
T00240,C185,P033,2024-02-09 17:07:44.864864864,4,1016.16,0.02,3983.35
T00241,C146,P031,2024-02-09 21:07:01.621621621,1,1264.78,0.22,986.53
T00242,C105,P016,2024-02-10 01:06:18.378378378,1,810.05,0.17,672.34
T00243,C003,P007,2024-02-10 05:05:35.135135135,3,680.64,0.19,1653.96
T00244,C047,P027,2024-02-10 09:04:51.891891891,4,1024.13,0.15,3482.04
T00245,C046,P048,2024-02-10 13:04:08.648648648,4,1666.59,0.27,4866.44
T00246,C017,P039,2024-02-10 17:03:25.405405405,4,1663.05,0.11,5920.46
T00247,C084,P016,2024-02-10 21:02:42.162162162,2,266.93,0.21,421.75
T00248,C016,P027,2024-02-11 01:01:58.918918918,2,524.16,0.22,817.69
T00249,C007,P049,2024-02-11 05:01:15.675675675,1,378.17,0.16,317.66
T00250,C060,P048,2024-02-11 09:00:32.432432432,4,838.74,0.03,3254.31
T00251,C054,P020,2024-02-11 12:59:49.189189189,4,1328.58,0.08,4889.17
T00252,C089,P023,2024-02-11 16:59:05.945945945,1,430.35,0.18,352.89
T00253,C197,P022,2024-02-11 20:58:22.702702702,3,1656.5,0.07,4621.63
T00254,C006,P004,2024-02-12 00:57:39.459459459,2,1262.62,0.25,1893.93
T00255,C133,P037,2024-02-12 04:56:56.216216216,5,1227.44,0.06,5768.97
T00256,C068,P009,2024-02-12 08:56:12.972972972,2,1266.46,0.06,2380.94
T00257,C154,P006,2024-02-12 12:55:29.729729729,4,1888.04,0.19,6117.25
T00258,C031,P035,2024-02-12 16:54:46.486486486,3,859.44,0.29,1830.61
T00259,C078,P031,2024-02-12 20:54:03.243243243,1,436.69,0.2,349.35
T00260,C009,P037,2024-02-13 00:53:20.000000000,5,921.44,0.13,4008.26
T00261,C019,P004,2024-02-13 04:52:36.756756756,4,584.08,0.17,1939.15
T00262,C071,P032,2024-02-13 08:51:53.513513513,1,1947.24,0.21,1538.32
T00263,C154,P030,2024-02-13 12:51:10.270270270,1,978.04,0.14,841.11
T00264,C150,P021,2024-02-13 16:50:27.027027027,3,1235.03,0.04,3556.89
T00265,C022,P022,2024-02-13 20:49:43.783783783,3,1146.27,0.07,3198.09
T00266,C004,P014,2024-02-14 00:49:00.540540540,4,953.62,0.07,3547.47
T00267,C056,P028,2024-02-14 04:48:17.297297297,5,352.67,0.13,1534.11
T00268,C021,P014,2024-02-14 08:47:34.054054054,1,1334.92,0.04,1281.52
T00269,C054,P008,2024-02-14 12:46:50.810810810,2,1066.8,0.04,2048.26
T00270,C067,P001,2024-02-14 16:46:07.567567567,3,622.9,0.18,1532.33
T00271,C042,P031,2024-02-14 20:45:24.324324324,2,518.43,0.23,798.38
T00272,C166,P005,2024-02-15 00:44:41.081081081,1,1774.09,0.01,1756.35
T00273,C200,P024,2024-02-15 04:43:57.837837837,2,96.41,0.13,167.75
T00274,C022,P038,2024-02-15 08:43:14.594594594,5,760.66,0.04,3651.17
T00275,C002,P020,2024-02-15 12:42:31.351351351,5,181.72,0.25,681.45
T00276,C121,P044,2024-02-15 16:41:48.108108108,4,606.09,0.15,2060.71
T00277,C188,P024,2024-02-15 20:41:04.864864864,1,1375.16,0.02,1347.66
T00278,C150,P014,2024-02-16 00:40:21.621621621,1,1113.47,0.14,957.58
T00279,C097,P021,2024-02-16 04:39:38.378378378,4,260.74,0.02,1022.1
T00280,C031,P011,2024-02-16 08:38:55.135135135,3,694.75,0.01,2063.41
T00281,C011,P027,2024-02-16 12:38:11.891891891,1,261.13,0.04,250.68
T00282,C109,P034,2024-02-16 16:37:28.648648648,3,146.08,0.04,420.71
T00283,C182,P022,2024-02-16 20:36:45.405405405,3,685.51,0.23,1583.53
T00284,C177,P023,2024-02-17 00:36:02.162162162,3,403.09,0.2,967.42
T00285,C096,P010,2024-02-17 04:35:18.918918918,2,698.37,0.27,1019.62
T00286,C176,P039,2024-02-17 08:34:35.675675675,4,1065.26,0.06,4005.38
T00287,C196,P023,2024-02-17 12:33:52.432432432,2,1513.46,0.06,2845.3
T00288,C077,P021,2024-02-17 16:33:09.189189189,4,1252.27,0.15,4257.72
T00289,C033,P044,2024-02-17 20:32:25.945945945,3,895.53,0.17,2229.87
T00290,C060,P026,2024-02-18 00:31:42.702702702,2,1033.01,0.22,1611.5
T00291,C190,P032,2024-02-18 04:30:59.459459459,5,136.85,0.06,643.19
T00292,C115,P036,2024-02-18 08:30:16.216216216,2,74.18,0.0,148.36
T00293,C183,P038,2024-02-18 12:29:32.972972972,3,1471.19,0.28,3177.77
T00294,C092,P038,2024-02-18 16:28:49.729729729,1,160.77,0.08,147.91
T00295,C185,P038,2024-02-18 20:28:06.486486486,3,1794.46,0.2,4306.7
T00296,C002,P049,2024-02-19 00:27:23.243243243,3,613.2,0.25,1379.7
T00297,C091,P019,2024-02-19 04:26:39.999999999,2,540.02,0.07,1004.44
T00298,C164,P004,2024-02-19 08:25:56.756756756,2,173.24,0.28,249.47
T00299,C188,P042,2024-02-19 12:25:13.513513513,3,1753.8,0.1,4735.26
T00300,C185,P004,2024-02-19 16:24:30.270270270,2,1276.29,0.26,1888.91
T00301,C170,P033,2024-02-19 20:23:47.027027027,2,512.5,0.13,891.75
T00302,C180,P016,2024-02-20 00:23:03.783783783,2,1197.65,0.3,1676.71
T00303,C065,P001,2024-02-20 04:22:20.540540540,3,1796.42,0.19,4365.3
T00304,C101,P026,2024-02-20 08:21:37.297297297,1,863.15,0.07,802.73
T00305,C181,P033,2024-02-20 12:20:54.054054054,1,297.43,0.12,261.74
T00306,C048,P011,2024-02-20 16:20:10.810810810,1,1208.84,0.05,1148.4
T00307,C080,P029,2024-02-20 20:19:27.567567567,4,1915.75,0.11,6820.07
T00308,C135,P040,2024-02-21 00:18:44.324324324,1,1939.4,0.21,1532.13
T00309,C177,P049,2024-02-21 04:18:01.081081081,4,1467.08,0.26,4342.56
T00310,C112,P012,2024-02-21 08:17:17.837837837,1,970.21,0.26,717.96
T00311,C176,P029,2024-02-21 12:16:34.594594594,3,581.21,0.14,1499.52
T00312,C036,P048,2024-02-21 16:15:51.351351351,1,635.9,0.29,451.49
T00313,C063,P033,2024-02-21 20:15:08.108108108,3,1423.91,0.11,3801.84
T00314,C084,P022,2024-02-22 00:14:24.864864864,1,1838.23,0.12,1617.64
T00315,C054,P003,2024-02-22 04:13:41.621621621,3,154.63,0.14,398.95
T00316,C122,P024,2024-02-22 08:12:58.378378378,2,1261.55,0.2,2018.48
T00317,C183,P015,2024-02-22 12:12:15.135135135,4,431.01,0.18,1413.71
T00318,C057,P024,2024-02-22 16:11:31.891891892,3,337.29,0.13,880.33
T00319,C048,P044,2024-02-22 20:10:48.648648648,2,691.64,0.1,1244.95
T00320,C006,P037,2024-02-23 00:10:05.405405405,1,819.48,0.04,786.7
T00321,C081,P013,2024-02-23 04:09:22.162162162,4,1478.77,0.08,5441.87
T00322,C178,P049,2024-02-23 08:08:38.918918919,3,210.73,0.16,531.04
T00323,C097,P025,2024-02-23 12:07:55.675675675,3,331.66,0.2,795.98
T00324,C038,P045,2024-02-23 16:07:12.432432432,1,527.32,0.01,522.05
T00325,C125,P030,2024-02-23 20:06:29.189189189,5,1284.18,0.09,5843.02
T00326,C016,P001,2024-02-24 00:05:45.945945946,4,1015.33,0.3,2842.92
T00327,C189,P048,2024-02-24 04:05:02.702702702,4,227.11,0.29,644.99
T00328,C109,P032,2024-02-24 08:04:19.459459459,3,1550.84,0.13,4047.69
T00329,C054,P005,2024-02-24 12:03:36.216216216,4,619.34,0.21,1957.11
T00330,C111,P018,2024-02-24 16:02:52.972972973,5,189.95,0.06,892.76
T00331,C041,P007,2024-02-24 20:02:09.729729729,4,1022.49,0.2,3271.97
T00332,C112,P007,2024-02-25 00:01:26.486486486,4,1971.77,0.08,7256.11
T00333,C085,P025,2024-02-25 04:00:43.243243243,3,556.45,0.05,1585.88
T00334,C150,P046,2024-02-25 08:00:00.000000000,3,1420.44,0.26,3153.38
T00335,C089,P009,2024-02-25 11:59:16.756756756,1,1735.24,0.29,1232.02
T00336,C026,P049,2024-02-25 15:58:33.513513513,4,1267.18,0.02,4967.35
T00337,C022,P004,2024-02-25 19:57:50.270270270,4,1090.96,0.12,3840.18
T00338,C090,P047,2024-02-25 23:57:07.027027027,2,1161.06,0.14,1997.02
T00339,C053,P040,2024-02-26 03:56:23.783783783,4,1264.05,0.28,3640.46
T00340,C094,P042,2024-02-26 07:55:40.540540540,2,481.22,0.21,760.33
T00341,C023,P034,2024-02-26 11:54:57.297297297,3,435.56,0.13,1136.81
T00342,C173,P025,2024-02-26 15:54:14.054054054,3,1180.19,0.28,2549.21
T00343,C118,P045,2024-02-26 19:53:30.810810811,4,1795.88,0.06,6752.51
T00344,C159,P042,2024-02-26 23:52:47.567567567,4,838.14,0.24,2547.95
T00345,C084,P039,2024-02-27 03:52:04.324324324,3,213.84,0.09,583.78
T00346,C180,P040,2024-02-27 07:51:21.081081081,3,364.17,0.12,961.41
T00347,C132,P026,2024-02-27 11:50:37.837837838,5,698.96,0.28,2516.26
T00348,C083,P024,2024-02-27 15:49:54.594594594,2,915.67,0.29,1300.25
T00349,C012,P003,2024-02-27 19:49:11.351351351,3,1720.06,0.19,4179.75
T00350,C065,P007,2024-02-27 23:48:28.108108108,4,1839.45,0.28,5297.62
T00351,C042,P040,2024-02-28 03:47:44.864864865,5,1546.87,0.09,7038.26
T00352,C081,P015,2024-02-28 07:47:01.621621621,3,1106.51,0.02,3253.14
T00353,C062,P046,2024-02-28 11:46:18.378378378,1,1606.94,0.11,1430.18
T00354,C030,P035,2024-02-28 15:45:35.135135135,1,398.53,0.03,386.57
T00355,C103,P035,2024-02-28 19:44:51.891891892,5,1894.06,0.23,7292.13
T00356,C103,P046,2024-02-28 23:44:08.648648648,5,1971.15,0.28,7096.14
T00357,C016,P015,2024-02-29 03:43:25.405405405,1,1113.75,0.23,857.59
T00358,C080,P046,2024-02-29 07:42:42.162162162,1,1632.55,0.16,1371.34
T00359,C161,P029,2024-02-29 11:41:58.918918919,2,1267.56,0.28,1825.29
T00360,C200,P018,2024-02-29 15:41:15.675675675,2,746.12,0.27,1089.34
T00361,C184,P020,2024-02-29 19:40:32.432432432,1,1128.48,0.23,868.93
T00362,C050,P033,2024-02-29 23:39:49.189189189,1,1677.23,0.06,1576.6
T00363,C040,P033,2024-03-01 03:39:05.945945946,1,715.59,0.22,558.16
T00364,C096,P045,2024-03-01 07:38:22.702702702,3,1806.68,0.23,4173.43
T00365,C005,P010,2024-03-01 11:37:39.459459459,4,1575.65,0.23,4853.0
T00366,C045,P032,2024-03-01 15:36:56.216216216,2,190.57,0.08,350.65
T00367,C145,P033,2024-03-01 19:36:12.972972973,3,384.71,0.06,1084.88
T00368,C199,P008,2024-03-01 23:35:29.729729729,1,1562.15,0.22,1218.48
T00369,C089,P015,2024-03-02 03:34:46.486486486,5,570.18,0.18,2337.74
T00370,C026,P045,2024-03-02 07:34:03.243243243,1,515.65,0.08,474.4
T00371,C167,P048,2024-03-02 11:33:20.000000000,2,182.73,0.17,303.33
T00372,C041,P033,2024-03-02 15:32:36.756756756,3,1278.03,0.01,3795.75
T00373,C049,P005,2024-03-02 19:31:53.513513513,2,1865.36,0.04,3581.49
T00374,C084,P003,2024-03-02 23:31:10.270270270,3,1864.6,0.22,4363.16
T00375,C169,P020,2024-03-03 03:30:27.027027027,5,332.36,0.29,1179.88
T00376,C190,P004,2024-03-03 07:29:43.783783783,5,1910.76,0.08,8789.5
T00377,C171,P003,2024-03-03 11:29:00.540540540,1,1003.09,0.1,902.78
T00378,C107,P026,2024-03-03 15:28:17.297297297,2,1398.95,0.28,2014.49
T00379,C120,P049,2024-03-03 19:27:34.054054054,1,281.75,0.09,256.39
T00380,C138,P003,2024-03-03 23:26:50.810810810,3,1022.63,0.14,2638.39
T00381,C070,P025,2024-03-04 03:26:07.567567567,4,1386.15,0.08,5101.03
T00382,C135,P030,2024-03-04 07:25:24.324324324,4,1331.97,0.16,4475.42
T00383,C108,P001,2024-03-04 11:24:41.081081081,3,1110.26,0.06,3130.93
T00384,C005,P049,2024-03-04 15:23:57.837837837,4,1146.99,0.15,3899.77
T00385,C082,P049,2024-03-04 19:23:14.594594594,2,738.21,0.16,1240.19
T00386,C177,P007,2024-03-04 23:22:31.351351351,3,1305.97,0.17,3251.87
T00387,C013,P014,2024-03-05 03:21:48.108108108,1,1129.0,0.14,970.94
T00388,C052,P028,2024-03-05 07:21:04.864864865,1,1623.85,0.11,1445.23
T00389,C153,P017,2024-03-05 11:20:21.621621621,3,1078.08,0.02,3169.56
T00390,C158,P018,2024-03-05 15:19:38.378378378,4,250.25,0.21,790.79
T00391,C110,P026,2024-03-05 19:18:55.135135135,3,498.77,0.22,1167.12
T00392,C071,P015,2024-03-05 23:18:11.891891892,3,416.7,0.19,1012.58
T00393,C117,P012,2024-03-06 03:17:28.648648648,3,67.98,0.08,187.62
T00394,C096,P001,2024-03-06 07:16:45.405405405,5,1595.63,0.26,5903.83
T00395,C088,P036,2024-03-06 11:16:02.162162162,3,1910.17,0.27,4183.27
T00396,C113,P007,2024-03-06 15:15:18.918918919,3,717.66,0.26,1593.21
T00397,C059,P049,2024-03-06 19:14:35.675675675,5,908.41,0.06,4269.53
T00398,C167,P036,2024-03-06 23:13:52.432432432,1,1839.67,0.08,1692.5
T00399,C126,P044,2024-03-07 03:13:09.189189189,3,99.98,0.25,224.95
T00400,C045,P047,2024-03-07 07:12:25.945945946,2,1415.88,0.1,2548.58
T00401,C198,P041,2024-03-07 11:11:42.702702702,1,1380.91,0.1,1242.82
T00402,C050,P028,2024-03-07 15:10:59.459459459,4,415.13,0.01,1643.91
T00403,C093,P035,2024-03-07 19:10:16.216216216,3,313.44,0.12,827.48
T00404,C025,P017,2024-03-07 23:09:32.972972973,4,611.33,0.21,1931.8
T00405,C071,P030,2024-03-08 03:08:49.729729729,1,1608.12,0.19,1302.58
T00406,C194,P008,2024-03-08 07:08:06.486486486,2,690.69,0.03,1339.94
T00407,C031,P019,2024-03-08 11:07:23.243243243,1,544.82,0.02,533.92
T00408,C085,P020,2024-03-08 15:06:40.000000000,4,1916.02,0.24,5824.7
T00409,C052,P004,2024-03-08 19:05:56.756756756,2,550.46,0.18,902.75
T00410,C036,P039,2024-03-08 23:05:13.513513513,2,328.66,0.1,591.59
T00411,C110,P031,2024-03-09 03:04:30.270270270,4,1428.63,0.07,5314.5
T00412,C162,P031,2024-03-09 07:03:47.027027027,2,1900.6,0.19,3078.97
T00413,C062,P033,2024-03-09 11:03:03.783783783,3,300.67,0.12,793.77
T00414,C041,P013,2024-03-09 15:02:20.540540540,4,1655.03,0.11,5891.91
T00415,C151,P045,2024-03-09 19:01:37.297297297,3,871.16,0.12,2299.86
T00416,C192,P042,2024-03-09 23:00:54.054054054,5,1001.99,0.02,4909.75
T00417,C052,P014,2024-03-10 03:00:10.810810810,5,1242.53,0.21,4907.99
T00418,C036,P004,2024-03-10 06:59:27.567567567,5,1473.82,0.25,5526.82
T00419,C128,P046,2024-03-10 10:58:44.324324324,4,1412.7,0.29,4012.07
T00420,C081,P018,2024-03-10 14:58:01.081081081,5,555.44,0.15,2360.62
T00421,C105,P032,2024-03-10 18:57:17.837837837,3,1355.49,0.25,3049.85
T00422,C063,P009,2024-03-10 22:56:34.594594594,3,1804.76,0.23,4169.0
T00423,C034,P035,2024-03-11 02:55:51.351351351,3,1248.26,0.17,3108.17
T00424,C063,P040,2024-03-11 06:55:08.108108108,1,1941.96,0.25,1456.47
T00425,C019,P033,2024-03-11 10:54:24.864864864,2,740.48,0.13,1288.44
T00426,C005,P002,2024-03-11 14:53:41.621621621,3,1371.23,0.06,3866.87
T00427,C111,P029,2024-03-11 18:52:58.378378378,3,616.59,0.08,1701.79
T00428,C199,P006,2024-03-11 22:52:15.135135135,4,792.17,0.08,2915.19
T00429,C092,P026,2024-03-12 02:51:31.891891892,3,1477.01,0.26,3278.96
T00430,C162,P043,2024-03-12 06:50:48.648648648,2,1245.23,0.12,2191.6
T00431,C185,P050,2024-03-12 10:50:05.405405405,5,1410.7,0.06,6630.29
T00432,C001,P016,2024-03-12 14:49:22.162162162,4,616.56,0.21,1948.33
T00433,C111,P002,2024-03-12 18:48:38.918918919,3,1818.98,0.11,4856.68
T00434,C097,P003,2024-03-12 22:47:55.675675675,2,988.89,0.14,1700.89
T00435,C030,P012,2024-03-13 02:47:12.432432432,4,1004.31,0.18,3294.14
T00436,C098,P050,2024-03-13 06:46:29.189189189,5,1014.01,0.11,4512.34
T00437,C028,P039,2024-03-13 10:45:45.945945946,4,402.88,0.12,1418.14
T00438,C185,P005,2024-03-13 14:45:02.702702702,4,1393.51,0.09,5072.38
T00439,C144,P009,2024-03-13 18:44:19.459459459,3,222.37,0.13,580.39
T00440,C072,P027,2024-03-13 22:43:36.216216216,3,272.99,0.2,655.18
T00441,C022,P001,2024-03-14 02:42:52.972972973,3,1383.43,0.3,2905.2
T00442,C036,P050,2024-03-14 06:42:09.729729729,1,484.75,0.25,363.56
T00443,C121,P027,2024-03-14 10:41:26.486486486,1,1870.77,0.27,1365.66
T00444,C070,P044,2024-03-14 14:40:43.243243243,4,1300.96,0.22,4059.0
T00445,C042,P024,2024-03-14 18:40:00.000000000,1,824.08,0.14,708.71
T00446,C087,P027,2024-03-14 22:39:16.756756756,2,353.5,0.15,600.95
T00447,C130,P007,2024-03-15 02:38:33.513513513,1,1319.56,0.1,1187.6
T00448,C131,P016,2024-03-15 06:37:50.270270270,2,1162.97,0.24,1767.71
T00449,C102,P046,2024-03-15 10:37:07.027027027,3,674.45,0.05,1922.18
T00450,C104,P029,2024-03-15 14:36:23.783783783,4,1449.8,0.28,4175.42
T00451,C056,P042,2024-03-15 18:35:40.540540540,2,137.79,0.19,223.22
T00452,C021,P011,2024-03-15 22:34:57.297297297,1,724.31,0.27,528.75
T00453,C154,P001,2024-03-16 02:34:14.054054054,3,949.86,0.16,2393.65
T00454,C180,P015,2024-03-16 06:33:30.810810810,2,526.24,0.09,957.76
T00455,C115,P036,2024-03-16 10:32:47.567567567,2,1337.98,0.14,2301.33
T00456,C155,P029,2024-03-16 14:32:04.324324324,4,1727.23,0.04,6632.56
T00457,C043,P012,2024-03-16 18:31:21.081081081,4,1842.83,0.21,5823.34
T00458,C034,P016,2024-03-16 22:30:37.837837837,1,1760.03,0.18,1443.22
T00459,C185,P026,2024-03-17 02:29:54.594594594,2,1350.74,0.1,2431.33
T00460,C014,P042,2024-03-17 06:29:11.351351351,4,430.6,0.01,1705.18
T00461,C012,P002,2024-03-17 10:28:28.108108108,2,171.22,0.25,256.83
T00462,C123,P038,2024-03-17 14:27:44.864864864,3,846.18,0.25,1903.9
T00463,C195,P001,2024-03-17 18:27:01.621621621,1,517.97,0.05,492.07
T00464,C013,P026,2024-03-17 22:26:18.378378378,4,1176.05,0.08,4327.86
T00465,C135,P007,2024-03-18 02:25:35.135135135,2,1213.11,0.2,1940.98
T00466,C050,P036,2024-03-18 06:24:51.891891891,1,1708.03,0.28,1229.78
T00467,C044,P002,2024-03-18 10:24:08.648648648,2,1811.89,0.07,3370.12
T00468,C185,P026,2024-03-18 14:23:25.405405405,3,650.45,0.02,1912.32
T00469,C008,P032,2024-03-18 18:22:42.162162162,2,754.42,0.17,1252.34
T00470,C143,P008,2024-03-18 22:21:58.918918918,1,1059.19,0.14,910.9
T00471,C090,P011,2024-03-19 02:21:15.675675675,1,1802.48,0.18,1478.03
T00472,C128,P028,2024-03-19 06:20:32.432432432,5,659.28,0.04,3164.54
T00473,C115,P026,2024-03-19 10:19:49.189189189,4,574.73,0.29,1632.23
T00474,C116,P042,2024-03-19 14:19:05.945945946,2,1907.97,0.22,2976.43
T00475,C077,P003,2024-03-19 18:18:22.702702702,1,428.1,0.15,363.88
T00476,C171,P034,2024-03-19 22:17:39.459459459,1,1412.56,0.03,1370.18
T00477,C015,P029,2024-03-20 02:16:56.216216216,3,1066.97,0.1,2880.82
T00478,C121,P043,2024-03-20 06:16:12.972972973,4,1082.35,0.13,3766.58
T00479,C127,P034,2024-03-20 10:15:29.729729729,2,1968.31,0.15,3346.13
T00480,C166,P044,2024-03-20 14:14:46.486486486,2,1331.06,0.13,2316.04
T00481,C070,P041,2024-03-20 18:14:03.243243243,5,726.4,0.2,2905.6
T00482,C130,P009,2024-03-20 22:13:20.000000000,3,382.18,0.04,1100.68
T00483,C053,P014,2024-03-21 02:12:36.756756756,1,1535.25,0.08,1412.43
T00484,C045,P037,2024-03-21 06:11:53.513513513,2,965.72,0.21,1525.84
T00485,C042,P019,2024-03-21 10:11:10.270270270,1,1276.32,0.22,995.53
T00486,C007,P012,2024-03-21 14:10:27.027027027,4,1721.37,0.16,5783.8
T00487,C171,P044,2024-03-21 18:09:43.783783783,1,1303.75,0.17,1082.11
T00488,C126,P005,2024-03-21 22:09:00.540540540,5,245.41,0.3,858.93
T00489,C178,P012,2024-03-22 02:08:17.297297297,4,1087.81,0.02,4264.22
T00490,C137,P015,2024-03-22 06:07:34.054054054,3,1903.78,0.09,5197.32
T00491,C123,P048,2024-03-22 10:06:50.810810810,2,982.23,0.07,1826.95
T00492,C065,P027,2024-03-22 14:06:07.567567567,5,1600.92,0.04,7684.42
T00493,C064,P044,2024-03-22 18:05:24.324324324,4,1580.52,0.12,5563.43
T00494,C085,P044,2024-03-22 22:04:41.081081081,5,1396.23,0.26,5166.05
T00495,C122,P048,2024-03-23 02:03:57.837837837,3,751.27,0.27,1645.28
T00496,C047,P026,2024-03-23 06:03:14.594594594,4,1165.64,0.11,4149.68
T00497,C163,P026,2024-03-23 10:02:31.351351351,5,492.4,0.09,2240.42
T00498,C100,P037,2024-03-23 14:01:48.108108108,2,645.23,0.27,942.04
T00499,C121,P049,2024-03-23 18:01:04.864864864,2,1577.56,0.14,2713.4
T00500,C098,P003,2024-03-23 22:00:21.621621621,3,1155.19,0.21,2737.8
T00501,C002,P030,2024-03-24 01:59:38.378378378,5,167.65,0.11,746.04
T00502,C022,P007,2024-03-24 05:58:55.135135135,3,1991.6,0.2,4779.84
T00503,C057,P006,2024-03-24 09:58:11.891891891,3,537.21,0.17,1337.65
T00504,C046,P041,2024-03-24 13:57:28.648648648,1,434.17,0.04,416.8
T00505,C175,P048,2024-03-24 17:56:45.405405405,2,1258.62,0.1,2265.52
T00506,C075,P006,2024-03-24 21:56:02.162162162,2,367.25,0.09,668.39
T00507,C132,P003,2024-03-25 01:55:18.918918918,2,726.48,0.05,1380.31
T00508,C092,P020,2024-03-25 05:54:35.675675675,3,536.48,0.14,1384.12
T00509,C014,P025,2024-03-25 09:53:52.432432432,2,193.67,0.11,344.73
T00510,C181,P004,2024-03-25 13:53:09.189189189,4,1648.51,0.09,6000.58
T00511,C152,P038,2024-03-25 17:52:25.945945945,3,1786.65,0.15,4555.96
T00512,C058,P003,2024-03-25 21:51:42.702702702,1,1417.53,0.28,1020.62
T00513,C080,P028,2024-03-26 01:50:59.459459459,5,414.71,0.19,1679.58
T00514,C058,P050,2024-03-26 05:50:16.216216216,2,594.76,0.12,1046.78
T00515,C062,P047,2024-03-26 09:49:32.972972973,4,1586.48,0.19,5140.2
T00516,C143,P042,2024-03-26 13:48:49.729729729,2,1401.55,0.05,2662.94
T00517,C076,P029,2024-03-26 17:48:06.486486486,2,1967.91,0.17,3266.73
T00518,C160,P007,2024-03-26 21:47:23.243243243,4,982.11,0.23,3024.9
T00519,C109,P039,2024-03-27 01:46:40.000000000,2,781.56,0.2,1250.5
T00520,C174,P005,2024-03-27 05:45:56.756756756,3,1515.71,0.26,3364.88
T00521,C004,P020,2024-03-27 09:45:13.513513513,1,1195.39,0.3,836.77
T00522,C103,P048,2024-03-27 13:44:30.270270270,4,1612.67,0.18,5289.56
T00523,C085,P016,2024-03-27 17:43:47.027027027,4,1178.6,0.24,3582.94
T00524,C168,P026,2024-03-27 21:43:03.783783783,5,1763.97,0.23,6791.28
T00525,C144,P005,2024-03-28 01:42:20.540540540,3,1907.87,0.12,5036.78
T00526,C002,P045,2024-03-28 05:41:37.297297297,1,1808.59,0.28,1302.18
T00527,C071,P006,2024-03-28 09:40:54.054054054,1,1474.89,0.24,1120.92
T00528,C014,P009,2024-03-28 13:40:10.810810810,4,1053.26,0.04,4044.52
T00529,C041,P049,2024-03-28 17:39:27.567567567,4,168.27,0.19,545.19
T00530,C005,P004,2024-03-28 21:38:44.324324324,3,1003.35,0.2,2408.04
T00531,C031,P022,2024-03-29 01:38:01.081081081,3,1100.64,0.06,3103.8
T00532,C170,P015,2024-03-29 05:37:17.837837837,5,629.86,0.06,2960.34
T00533,C135,P027,2024-03-29 09:36:34.594594594,3,1926.55,0.23,4450.33
T00534,C124,P012,2024-03-29 13:35:51.351351351,4,1166.21,0.17,3871.82
T00535,C108,P026,2024-03-29 17:35:08.108108108,4,115.74,0.03,449.07
T00536,C104,P021,2024-03-29 21:34:24.864864864,1,654.92,0.02,641.82
T00537,C189,P007,2024-03-30 01:33:41.621621621,2,1030.59,0.14,1772.61
T00538,C089,P044,2024-03-30 05:32:58.378378378,4,1080.11,0.23,3326.74
T00539,C077,P006,2024-03-30 09:32:15.135135135,5,745.05,0.0,3725.25
T00540,C007,P036,2024-03-30 13:31:31.891891891,3,464.91,0.17,1157.63
T00541,C047,P037,2024-03-30 17:30:48.648648648,5,1820.63,0.05,8647.99
T00542,C167,P037,2024-03-30 21:30:05.405405405,4,958.69,0.27,2799.37
T00543,C130,P029,2024-03-31 01:29:22.162162162,5,53.7,0.28,193.32
T00544,C077,P037,2024-03-31 05:28:38.918918918,4,758.25,0.14,2608.38
T00545,C029,P008,2024-03-31 09:27:55.675675675,3,776.67,0.12,2050.41
T00546,C015,P007,2024-03-31 13:27:12.432432432,3,1092.5,0.01,3244.72
T00547,C064,P016,2024-03-31 17:26:29.189189189,3,1160.06,0.3,2436.13
T00548,C058,P001,2024-03-31 21:25:45.945945945,4,554.83,0.1,1997.39
T00549,C178,P042,2024-04-01 01:25:02.702702702,4,691.36,0.28,1991.12
T00550,C033,P022,2024-04-01 05:24:19.459459459,1,82.84,0.1,74.56
T00551,C088,P026,2024-04-01 09:23:36.216216216,1,1298.39,0.13,1129.6
T00552,C157,P012,2024-04-01 13:22:52.972972972,1,1762.06,0.12,1550.61
T00553,C018,P025,2024-04-01 17:22:09.729729729,1,1622.67,0.24,1233.23
T00554,C009,P027,2024-04-01 21:21:26.486486486,2,400.89,0.05,761.69
T00555,C134,P024,2024-04-02 01:20:43.243243243,4,740.12,0.21,2338.78
T00556,C050,P023,2024-04-02 05:20:00.000000000,3,932.03,0.26,2069.11
T00557,C083,P009,2024-04-02 09:19:16.756756756,1,497.37,0.04,477.48
T00558,C029,P050,2024-04-02 13:18:33.513513513,2,357.04,0.19,578.4
T00559,C161,P008,2024-04-02 17:17:50.270270270,5,1785.05,0.09,8121.98
T00560,C168,P015,2024-04-02 21:17:07.027027027,3,1441.82,0.14,3719.9
T00561,C123,P004,2024-04-03 01:16:23.783783783,2,1391.82,0.02,2727.97
T00562,C025,P006,2024-04-03 05:15:40.540540540,3,1846.48,0.15,4708.52
T00563,C157,P041,2024-04-03 09:14:57.297297297,4,777.54,0.11,2768.04
T00564,C137,P040,2024-04-03 13:14:14.054054054,3,88.54,0.25,199.22
T00565,C018,P050,2024-04-03 17:13:30.810810810,5,1150.51,0.27,4199.36
T00566,C015,P029,2024-04-03 21:12:47.567567567,4,1860.65,0.05,7070.47
T00567,C197,P024,2024-04-04 01:12:04.324324324,2,1777.95,0.27,2595.81
T00568,C193,P030,2024-04-04 05:11:21.081081081,1,897.9,0.05,853.0
T00569,C017,P020,2024-04-04 09:10:37.837837837,4,1923.67,0.04,7386.89
T00570,C123,P021,2024-04-04 13:09:54.594594594,1,305.03,0.03,295.88
T00571,C013,P003,2024-04-04 17:09:11.351351351,4,1212.41,0.01,4801.14
T00572,C071,P031,2024-04-04 21:08:28.108108108,4,1584.36,0.16,5323.45
T00573,C077,P008,2024-04-05 01:07:44.864864864,3,1183.08,0.02,3478.26
T00574,C151,P030,2024-04-05 05:07:01.621621621,4,721.3,0.13,2510.12
T00575,C113,P038,2024-04-05 09:06:18.378378378,1,1169.87,0.14,1006.09
T00576,C191,P050,2024-04-05 13:05:35.135135135,3,1555.37,0.12,4106.18
T00577,C003,P034,2024-04-05 17:04:51.891891891,2,581.73,0.09,1058.75
T00578,C029,P015,2024-04-05 21:04:08.648648648,1,1647.85,0.11,1466.59
T00579,C131,P003,2024-04-06 01:03:25.405405405,1,456.15,0.16,383.17
T00580,C031,P024,2024-04-06 05:02:42.162162162,3,630.96,0.16,1590.02
T00581,C177,P030,2024-04-06 09:01:58.918918918,2,1710.69,0.06,3216.1
T00582,C094,P024,2024-04-06 13:01:15.675675675,4,1234.01,0.07,4590.52
T00583,C142,P005,2024-04-06 17:00:32.432432432,4,1286.73,0.04,4941.04
T00584,C014,P046,2024-04-06 20:59:49.189189189,2,905.37,0.14,1557.24
T00585,C151,P045,2024-04-07 00:59:05.945945945,1,171.96,0.17,142.73
T00586,C041,P017,2024-04-07 04:58:22.702702702,2,1970.05,0.05,3743.09
T00587,C189,P002,2024-04-07 08:57:39.459459459,3,51.28,0.21,121.53
T00588,C191,P003,2024-04-07 12:56:56.216216216,4,723.11,0.02,2834.59
T00589,C185,P045,2024-04-07 16:56:12.972972972,4,684.01,0.23,2106.75
T00590,C177,P038,2024-04-07 20:55:29.729729729,5,1251.75,0.03,6070.99
T00591,C028,P028,2024-04-08 00:54:46.486486486,3,359.41,0.02,1056.67
T00592,C189,P006,2024-04-08 04:54:03.243243243,4,1942.39,0.24,5904.87
T00593,C146,P040,2024-04-08 08:53:19.999999999,5,1457.64,0.18,5976.32
T00594,C072,P007,2024-04-08 12:52:36.756756756,4,974.84,0.18,3197.48
T00595,C106,P002,2024-04-08 16:51:53.513513513,4,55.85,0.27,163.08
T00596,C028,P032,2024-04-08 20:51:10.270270270,4,935.96,0.14,3219.7
T00597,C011,P037,2024-04-09 00:50:27.027027026,2,975.07,0.11,1735.62
T00598,C041,P040,2024-04-09 04:49:43.783783783,5,1411.38,0.22,5504.38
T00599,C051,P004,2024-04-09 08:49:00.540540540,3,1523.33,0.04,4387.19
T00600,C114,P029,2024-04-09 12:48:17.297297297,1,1890.79,0.02,1852.97
T00601,C073,P044,2024-04-09 16:47:34.054054054,3,149.96,0.17,373.4
T00602,C062,P013,2024-04-09 20:46:50.810810810,5,596.9,0.07,2775.59
T00603,C160,P033,2024-04-10 00:46:07.567567567,5,522.22,0.19,2114.99
T00604,C192,P028,2024-04-10 04:45:24.324324324,3,1531.75,0.14,3951.91
T00605,C066,P014,2024-04-10 08:44:41.081081081,1,178.73,0.14,153.71
T00606,C054,P032,2024-04-10 12:43:57.837837837,1,1194.76,0.13,1039.44
T00607,C128,P041,2024-04-10 16:43:14.594594594,1,436.54,0.19,353.6
T00608,C027,P049,2024-04-10 20:42:31.351351351,4,956.51,0.07,3558.22
T00609,C050,P026,2024-04-11 00:41:48.108108108,2,795.51,0.09,1447.83
T00610,C055,P032,2024-04-11 04:41:04.864864864,3,1340.76,0.04,3861.39
T00611,C086,P042,2024-04-11 08:40:21.621621621,5,141.99,0.13,617.66
T00612,C164,P008,2024-04-11 12:39:38.378378378,5,78.86,0.18,323.33
T00613,C124,P024,2024-04-11 16:38:55.135135135,5,114.44,0.14,492.09
T00614,C033,P046,2024-04-11 20:38:11.891891891,3,583.6,0.01,1733.29
T00615,C057,P035,2024-04-12 00:37:28.648648648,2,1475.02,0.15,2507.53
T00616,C100,P017,2024-04-12 04:36:45.405405405,5,1671.84,0.0,8359.2
T00617,C118,P047,2024-04-12 08:36:02.162162162,3,1616.26,0.25,3636.59
T00618,C091,P008,2024-04-12 12:35:18.918918918,5,264.87,0.26,980.02
T00619,C162,P025,2024-04-12 16:34:35.675675675,1,1855.11,0.23,1428.43
T00620,C037,P045,2024-04-12 20:33:52.432432432,1,695.75,0.1,626.18
T00621,C144,P030,2024-04-13 00:33:09.189189189,5,885.39,0.06,4161.33
T00622,C091,P034,2024-04-13 04:32:25.945945945,2,310.06,0.3,434.08
T00623,C096,P034,2024-04-13 08:31:42.702702702,5,268.8,0.18,1102.08
T00624,C123,P010,2024-04-13 12:30:59.459459459,3,1160.79,0.19,2820.72
T00625,C018,P023,2024-04-13 16:30:16.216216216,2,1029.77,0.06,1935.97
T00626,C030,P006,2024-04-13 20:29:32.972972972,3,880.12,0.18,2165.1
T00627,C165,P033,2024-04-14 00:28:49.729729729,1,1484.32,0.05,1410.1
T00628,C183,P029,2024-04-14 04:28:06.486486486,3,1127.47,0.08,3111.82
T00629,C138,P026,2024-04-14 08:27:23.243243242,2,478.67,0.17,794.59
T00630,C103,P002,2024-04-14 12:26:40.000000000,4,141.49,0.23,435.79
T00631,C176,P009,2024-04-14 16:25:56.756756756,5,424.95,0.29,1508.57
T00632,C175,P038,2024-04-14 20:25:13.513513512,4,1473.29,0.13,5127.05
T00633,C146,P041,2024-04-15 00:24:30.270270270,5,769.46,0.26,2847.0
T00634,C125,P024,2024-04-15 04:23:47.027027026,4,1459.26,0.24,4436.15
T00635,C123,P038,2024-04-15 08:23:03.783783784,3,1396.88,0.01,4148.73
T00636,C114,P011,2024-04-15 12:22:20.540540540,3,916.14,0.24,2088.8
T00637,C014,P009,2024-04-15 16:21:37.297297296,1,109.36,0.14,94.05
T00638,C066,P044,2024-04-15 20:20:54.054054054,5,1630.08,0.19,6601.82
T00639,C008,P007,2024-04-16 00:20:10.810810810,1,846.97,0.02,830.03
T00640,C136,P011,2024-04-16 04:19:27.567567566,2,1055.85,0.2,1689.36
T00641,C199,P029,2024-04-16 08:18:44.324324324,4,1234.86,0.2,3951.55
T00642,C039,P015,2024-04-16 12:18:01.081081080,2,1825.01,0.16,3066.02
T00643,C101,P038,2024-04-16 16:17:17.837837838,3,740.67,0.24,1688.73
T00644,C095,P045,2024-04-16 20:16:34.594594594,2,1953.75,0.2,3126.0
T00645,C037,P013,2024-04-17 00:15:51.351351350,3,1218.31,0.06,3435.63
T00646,C140,P037,2024-04-17 04:15:08.108108108,3,1611.93,0.11,4303.85
T00647,C038,P037,2024-04-17 08:14:24.864864864,5,704.51,0.16,2958.94
T00648,C044,P025,2024-04-17 12:13:41.621621622,2,1864.66,0.12,3281.8
T00649,C004,P010,2024-04-17 16:12:58.378378378,4,1753.49,0.02,6873.68
T00650,C195,P018,2024-04-17 20:12:15.135135134,5,313.72,0.04,1505.86
T00651,C014,P050,2024-04-18 00:11:31.891891892,4,1529.67,0.02,5996.31
T00652,C027,P012,2024-04-18 04:10:48.648648648,5,1394.66,0.13,6066.77
T00653,C196,P014,2024-04-18 08:10:05.405405404,2,1792.48,0.06,3369.86
T00654,C145,P049,2024-04-18 12:09:22.162162162,2,720.04,0.24,1094.46
T00655,C113,P039,2024-04-18 16:08:38.918918918,2,1936.7,0.09,3524.79
T00656,C005,P009,2024-04-18 20:07:55.675675676,2,1738.5,0.19,2816.37
T00657,C065,P012,2024-04-19 00:07:12.432432432,2,606.6,0.02,1188.94
T00658,C130,P042,2024-04-19 04:06:29.189189188,1,1347.83,0.26,997.39
T00659,C182,P020,2024-04-19 08:05:45.945945946,1,483.89,0.04,464.53
T00660,C020,P002,2024-04-19 12:05:02.702702702,1,101.44,0.02,99.41
T00661,C125,P026,2024-04-19 16:04:19.459459458,2,1120.83,0.15,1905.41
T00662,C175,P033,2024-04-19 20:03:36.216216216,5,1828.13,0.23,7038.3
T00663,C114,P031,2024-04-20 00:02:52.972972972,3,1160.78,0.05,3308.22
T00664,C100,P015,2024-04-20 04:02:09.729729730,2,793.51,0.05,1507.67
T00665,C083,P050,2024-04-20 08:01:26.486486486,5,911.7,0.27,3327.7
T00666,C026,P018,2024-04-20 12:00:43.243243242,2,1988.9,0.27,2903.79
T00667,C024,P038,2024-04-20 16:00:00.000000000,3,1243.84,0.13,3246.42
T00668,C058,P034,2024-04-20 19:59:16.756756756,5,1376.76,0.03,6677.29
T00669,C174,P014,2024-04-20 23:58:33.513513512,1,1717.55,0.3,1202.28
T00670,C087,P043,2024-04-21 03:57:50.270270270,2,98.22,0.12,172.87
T00671,C088,P050,2024-04-21 07:57:07.027027026,3,500.85,0.13,1307.22
T00672,C157,P037,2024-04-21 11:56:23.783783784,4,1527.25,0.03,5925.73
T00673,C128,P044,2024-04-21 15:55:40.540540540,1,322.04,0.2,257.63
T00674,C035,P034,2024-04-21 19:54:57.297297296,5,321.72,0.2,1286.88
T00675,C032,P018,2024-04-21 23:54:14.054054054,1,768.56,0.06,722.45
T00676,C072,P006,2024-04-22 03:53:30.810810810,3,1005.31,0.04,2895.29
T00677,C101,P032,2024-04-22 07:52:47.567567566,4,1490.22,0.03,5782.05
T00678,C123,P005,2024-04-22 11:52:04.324324324,3,879.99,0.19,2138.38
T00679,C154,P041,2024-04-22 15:51:21.081081080,4,1597.87,0.03,6199.74
T00680,C156,P008,2024-04-22 19:50:37.837837838,5,1632.1,0.04,7834.08
T00681,C112,P046,2024-04-22 23:49:54.594594594,5,1215.81,0.19,4924.03
T00682,C123,P007,2024-04-23 03:49:11.351351350,2,538.79,0.27,786.63
T00683,C198,P030,2024-04-23 07:48:28.108108108,5,1963.98,0.09,8936.11
T00684,C026,P039,2024-04-23 11:47:44.864864864,3,1915.11,0.11,5113.34
T00685,C076,P041,2024-04-23 15:47:01.621621622,4,1839.5,0.08,6769.36
T00686,C069,P007,2024-04-23 19:46:18.378378378,4,1977.92,0.21,6250.23
T00687,C032,P001,2024-04-23 23:45:35.135135134,3,833.82,0.07,2326.36
T00688,C108,P016,2024-04-24 03:44:51.891891892,3,1420.32,0.13,3707.04
T00689,C068,P016,2024-04-24 07:44:08.648648648,4,414.59,0.17,1376.44
T00690,C195,P035,2024-04-24 11:43:25.405405404,1,1957.07,0.25,1467.8
T00691,C065,P012,2024-04-24 15:42:42.162162162,5,411.48,0.05,1954.53
T00692,C182,P047,2024-04-24 19:41:58.918918918,2,171.73,0.05,326.29
T00693,C154,P043,2024-04-24 23:41:15.675675676,5,392.01,0.15,1666.04
T00694,C103,P011,2024-04-25 03:40:32.432432432,2,1210.09,0.17,2008.75
T00695,C057,P016,2024-04-25 07:39:49.189189188,4,165.45,0.21,522.82
T00696,C132,P007,2024-04-25 11:39:05.945945946,3,1316.85,0.2,3160.44
T00697,C023,P004,2024-04-25 15:38:22.702702702,4,1688.52,0.28,4862.94
T00698,C105,P026,2024-04-25 19:37:39.459459458,1,1797.21,0.29,1276.02
T00699,C045,P029,2024-04-25 23:36:56.216216216,1,381.42,0.28,274.62
T00700,C064,P007,2024-04-26 03:36:12.972972972,4,1580.27,0.07,5878.6
T00701,C060,P027,2024-04-26 07:35:29.729729730,4,1695.58,0.04,6511.03
T00702,C022,P046,2024-04-26 11:34:46.486486486,2,1553.51,0.11,2765.25
T00703,C146,P044,2024-04-26 15:34:03.243243242,4,1268.85,0.14,4364.84
T00704,C035,P026,2024-04-26 19:33:20.000000000,1,1504.37,0.17,1248.63
T00705,C057,P036,2024-04-26 23:32:36.756756756,5,1301.57,0.15,5531.67
T00706,C089,P038,2024-04-27 03:31:53.513513512,5,301.44,0.03,1461.98
T00707,C169,P015,2024-04-27 07:31:10.270270270,5,294.73,0.08,1355.76
T00708,C099,P025,2024-04-27 11:30:27.027027026,5,311.84,0.25,1169.4
T00709,C163,P009,2024-04-27 15:29:43.783783784,1,811.31,0.02,795.08
T00710,C174,P008,2024-04-27 19:29:00.540540540,3,1090.91,0.12,2880.0
T00711,C075,P040,2024-04-27 23:28:17.297297296,2,1925.98,0.12,3389.72
T00712,C143,P043,2024-04-28 03:27:34.054054054,3,672.2,0.16,1693.94
T00713,C049,P026,2024-04-28 07:26:50.810810810,5,475.13,0.16,1995.55
T00714,C076,P035,2024-04-28 11:26:07.567567566,1,1842.49,0.19,1492.42
T00715,C051,P019,2024-04-28 15:25:24.324324324,1,105.99,0.29,75.25
T00716,C046,P048,2024-04-28 19:24:41.081081080,2,65.43,0.13,113.85
T00717,C003,P004,2024-04-28 23:23:57.837837838,1,786.59,0.2,629.27
T00718,C122,P001,2024-04-29 03:23:14.594594594,3,1532.36,0.23,3539.75
T00719,C008,P028,2024-04-29 07:22:31.351351350,2,1487.07,0.02,2914.66
T00720,C146,P050,2024-04-29 11:21:48.108108108,5,1511.45,0.2,6045.8
T00721,C028,P041,2024-04-29 15:21:04.864864864,2,821.06,0.25,1231.59
T00722,C165,P046,2024-04-29 19:20:21.621621620,5,586.33,0.18,2403.95
T00723,C181,P042,2024-04-29 23:19:38.378378378,2,1094.85,0.02,2145.91
T00724,C111,P044,2024-04-30 03:18:55.135135134,2,92.76,0.21,146.56
T00725,C001,P041,2024-04-30 07:18:11.891891892,2,594.72,0.03,1153.76
T00726,C198,P050,2024-04-30 11:17:28.648648648,4,1466.92,0.22,4576.79
T00727,C043,P032,2024-04-30 15:16:45.405405404,4,1140.52,0.21,3604.04
T00728,C011,P021,2024-04-30 19:16:02.162162162,5,1530.07,0.17,6349.79
T00729,C091,P033,2024-04-30 23:15:18.918918918,5,722.97,0.01,3578.7
T00730,C092,P019,2024-05-01 03:14:35.675675676,5,584.16,0.14,2511.89
T00731,C138,P034,2024-05-01 07:13:52.432432432,2,1723.41,0.25,2585.12
T00732,C182,P036,2024-05-01 11:13:09.189189188,2,1414.69,0.2,2263.5
T00733,C194,P010,2024-05-01 15:12:25.945945946,5,1715.06,0.08,7889.28
T00734,C199,P004,2024-05-01 19:11:42.702702702,3,1346.64,0.07,3757.13
T00735,C072,P006,2024-05-01 23:10:59.459459458,2,699.16,0.24,1062.72
T00736,C139,P033,2024-05-02 03:10:16.216216216,5,598.61,0.08,2753.61
T00737,C175,P020,2024-05-02 07:09:32.972972972,5,1279.4,0.11,5693.33
T00738,C183,P021,2024-05-02 11:08:49.729729730,3,632.55,0.08,1745.84
T00739,C118,P006,2024-05-02 15:08:06.486486486,1,873.95,0.13,760.34
T00740,C145,P031,2024-05-02 19:07:23.243243242,4,1785.26,0.11,6355.53
T00741,C043,P025,2024-05-02 23:06:40.000000000,2,1582.92,0.11,2817.6
T00742,C160,P006,2024-05-03 03:05:56.756756756,1,1994.48,0.11,1775.09
T00743,C007,P037,2024-05-03 07:05:13.513513512,3,70.95,0.12,187.31
T00744,C129,P040,2024-05-03 11:04:30.270270270,3,975.8,0.26,2166.28
T00745,C102,P002,2024-05-03 15:03:47.027027026,4,874.36,0.09,3182.67
T00746,C186,P002,2024-05-03 19:03:03.783783784,5,570.55,0.13,2481.89
T00747,C067,P042,2024-05-03 23:02:20.540540540,2,581.21,0.04,1115.92
T00748,C062,P026,2024-05-04 03:01:37.297297296,4,226.7,0.1,816.12
T00749,C046,P003,2024-05-04 07:00:54.054054054,5,1553.06,0.29,5513.36
T00750,C006,P045,2024-05-04 11:00:10.810810810,1,599.68,0.17,497.73
T00751,C023,P030,2024-05-04 14:59:27.567567566,2,830.42,0.19,1345.28
T00752,C010,P017,2024-05-04 18:58:44.324324324,4,352.41,0.02,1381.45
T00753,C199,P028,2024-05-04 22:58:01.081081080,1,1007.56,0.04,967.26
T00754,C184,P022,2024-05-05 02:57:17.837837838,1,1481.23,0.17,1229.42
T00755,C178,P036,2024-05-05 06:56:34.594594594,3,1496.22,0.25,3366.49
T00756,C056,P035,2024-05-05 10:55:51.351351350,3,1459.52,0.01,4334.77
T00757,C038,P014,2024-05-05 14:55:08.108108108,5,201.13,0.14,864.86
T00758,C095,P021,2024-05-05 18:54:24.864864864,1,1528.29,0.2,1222.63
T00759,C081,P018,2024-05-05 22:53:41.621621620,5,874.88,0.14,3761.98
T00760,C028,P027,2024-05-06 02:52:58.378378378,3,1958.82,0.01,5817.7
T00761,C125,P007,2024-05-06 06:52:15.135135134,2,314.54,0.01,622.79
T00762,C053,P008,2024-05-06 10:51:31.891891892,2,1023.45,0.22,1596.58
T00763,C112,P003,2024-05-06 14:50:48.648648648,3,1469.73,0.07,4100.55
T00764,C093,P022,2024-05-06 18:50:05.405405404,2,1453.02,0.05,2760.74
T00765,C065,P040,2024-05-06 22:49:22.162162162,4,401.69,0.04,1542.49
T00766,C182,P006,2024-05-07 02:48:38.918918918,3,103.49,0.29,220.43
T00767,C170,P014,2024-05-07 06:47:55.675675674,4,461.18,0.04,1770.93
T00768,C056,P006,2024-05-07 10:47:12.432432432,1,1117.88,0.19,905.48
T00769,C064,P024,2024-05-07 14:46:29.189189188,2,782.79,0.07,1455.99
T00770,C165,P042,2024-05-07 18:45:45.945945946,5,844.85,0.19,3421.64
T00771,C018,P028,2024-05-07 22:45:02.702702702,3,1812.43,0.04,5219.8
T00772,C130,P038,2024-05-08 02:44:19.459459458,3,1002.75,0.12,2647.26
T00773,C174,P010,2024-05-08 06:43:36.216216216,4,1726.35,0.01,6836.35
T00774,C153,P040,2024-05-08 10:42:52.972972972,5,1200.78,0.08,5523.59
T00775,C013,P027,2024-05-08 14:42:09.729729730,5,1655.44,0.17,6870.08
T00776,C007,P015,2024-05-08 18:41:26.486486486,3,378.97,0.18,932.27
T00777,C185,P006,2024-05-08 22:40:43.243243242,5,1891.35,0.09,8605.64
T00778,C049,P009,2024-05-09 02:40:00.000000000,2,1372.75,0.22,2141.49
T00779,C149,P025,2024-05-09 06:39:16.756756756,5,1296.58,0.14,5575.29
T00780,C040,P045,2024-05-09 10:38:33.513513512,5,689.06,0.01,3410.85
T00781,C147,P028,2024-05-09 14:37:50.270270270,3,1711.68,0.05,4878.29
T00782,C034,P002,2024-05-09 18:37:07.027027026,4,649.3,0.23,1999.84
T00783,C038,P030,2024-05-09 22:36:23.783783784,1,1289.5,0.05,1225.02
T00784,C019,P010,2024-05-10 02:35:40.540540540,4,916.79,0.03,3557.15
T00785,C161,P037,2024-05-10 06:34:57.297297296,5,347.86,0.06,1634.94
T00786,C056,P005,2024-05-10 10:34:14.054054054,1,1600.85,0.07,1488.79
T00787,C120,P036,2024-05-10 14:33:30.810810810,4,958.93,0.28,2761.72
T00788,C120,P044,2024-05-10 18:32:47.567567566,1,248.47,0.25,186.35
T00789,C011,P015,2024-05-10 22:32:04.324324324,4,600.38,0.28,1729.09
T00790,C106,P027,2024-05-11 02:31:21.081081080,3,1830.09,0.24,4172.61
T00791,C137,P016,2024-05-11 06:30:37.837837838,4,109.2,0.11,388.75
T00792,C164,P008,2024-05-11 10:29:54.594594594,4,1226.97,0.3,3435.52
T00793,C076,P011,2024-05-11 14:29:11.351351350,3,1223.56,0.22,2863.13
T00794,C011,P005,2024-05-11 18:28:28.108108108,3,1638.8,0.28,3539.81
T00795,C062,P044,2024-05-11 22:27:44.864864864,1,632.91,0.29,449.37
T00796,C125,P036,2024-05-12 02:27:01.621621620,1,1204.36,0.09,1095.97
T00797,C153,P011,2024-05-12 06:26:18.378378378,3,1211.88,0.09,3308.43
T00798,C107,P040,2024-05-12 10:25:35.135135134,4,1598.55,0.18,5243.24
T00799,C158,P023,2024-05-12 14:24:51.891891892,1,933.02,0.14,802.4
T00800,C173,P025,2024-05-12 18:24:08.648648648,4,703.05,0.14,2418.49
T00801,C184,P035,2024-05-12 22:23:25.405405404,2,1752.59,0.06,3294.87
T00802,C171,P023,2024-05-13 02:22:42.162162162,2,1069.22,0.23,1646.6
T00803,C146,P008,2024-05-13 06:21:58.918918918,3,1476.6,0.23,3410.95
T00804,C158,P020,2024-05-13 10:21:15.675675674,3,725.55,0.17,1806.62
T00805,C066,P040,2024-05-13 14:20:32.432432432,5,1033.63,0.22,4031.16
T00806,C185,P026,2024-05-13 18:19:49.189189188,5,1435.26,0.02,7032.77
T00807,C053,P044,2024-05-13 22:19:05.945945946,5,282.81,0.08,1300.93
T00808,C031,P010,2024-05-14 02:18:22.702702702,5,1222.94,0.05,5808.97
T00809,C164,P038,2024-05-14 06:17:39.459459458,5,1108.3,0.04,5319.84
T00810,C012,P042,2024-05-14 10:16:56.216216216,5,1124.13,0.1,5058.59
T00811,C059,P031,2024-05-14 14:16:12.972972972,3,1025.85,0.12,2708.24
T00812,C153,P033,2024-05-14 18:15:29.729729730,1,1256.87,0.07,1168.89
T00813,C192,P004,2024-05-14 22:14:46.486486486,1,735.02,0.14,632.12
T00814,C161,P048,2024-05-15 02:14:03.243243242,2,474.22,0.05,901.02
T00815,C167,P016,2024-05-15 06:13:20.000000000,2,818.3,0.24,1243.82
T00816,C179,P046,2024-05-15 10:12:36.756756756,1,212.22,0.09,193.12
T00817,C125,P012,2024-05-15 14:11:53.513513512,1,773.33,0.2,618.66
T00818,C200,P050,2024-05-15 18:11:10.270270270,5,1649.22,0.25,6184.58
T00819,C094,P029,2024-05-15 22:10:27.027027026,5,853.33,0.09,3882.65
T00820,C046,P003,2024-05-16 02:09:43.783783784,4,1872.72,0.18,6142.52
T00821,C021,P022,2024-05-16 06:09:00.540540540,4,647.8,0.08,2383.9
T00822,C023,P050,2024-05-16 10:08:17.297297296,1,831.06,0.26,614.98
T00823,C117,P036,2024-05-16 14:07:34.054054054,4,1733.16,0.09,6308.7
T00824,C078,P050,2024-05-16 18:06:50.810810810,1,306.77,0.23,236.21
T00825,C102,P002,2024-05-16 22:06:07.567567566,3,1127.93,0.04,3248.44
T00826,C117,P025,2024-05-17 02:05:24.324324324,1,914.79,0.21,722.68
T00827,C193,P048,2024-05-17 06:04:41.081081080,3,897.78,0.27,1966.14
T00828,C017,P045,2024-05-17 10:03:57.837837838,1,1596.96,0.18,1309.51
T00829,C138,P030,2024-05-17 14:03:14.594594594,5,1850.79,0.21,7310.62
T00830,C174,P029,2024-05-17 18:02:31.351351350,2,447.37,0.12,787.37
T00831,C079,P035,2024-05-17 22:01:48.108108108,5,726.79,0.22,2834.48
T00832,C123,P008,2024-05-18 02:01:04.864864864,2,217.59,0.15,369.9
T00833,C190,P001,2024-05-18 06:00:21.621621620,2,1857.84,0.19,3009.7
T00834,C061,P050,2024-05-18 09:59:38.378378378,5,1839.44,0.26,6805.93
T00835,C122,P049,2024-05-18 13:58:55.135135134,4,585.55,0.06,2201.67
T00836,C080,P043,2024-05-18 17:58:11.891891892,3,228.17,0.21,540.76
T00837,C007,P009,2024-05-18 21:57:28.648648648,2,156.62,0.07,291.31
T00838,C158,P010,2024-05-19 01:56:45.405405404,2,758.25,0.03,1471.0
T00839,C058,P034,2024-05-19 05:56:02.162162162,5,780.36,0.22,3043.4
T00840,C188,P033,2024-05-19 09:55:18.918918918,1,291.63,0.01,288.71
T00841,C049,P016,2024-05-19 13:54:35.675675674,3,142.88,0.01,424.35
T00842,C138,P038,2024-05-19 17:53:52.432432432,1,169.7,0.11,151.03
T00843,C101,P038,2024-05-19 21:53:09.189189188,5,1519.69,0.15,6458.68
T00844,C007,P033,2024-05-20 01:52:25.945945946,1,1446.46,0.15,1229.49
T00845,C172,P008,2024-05-20 05:51:42.702702702,4,1538.7,0.02,6031.7
T00846,C190,P041,2024-05-20 09:50:59.459459458,1,998.22,0.11,888.42
T00847,C172,P045,2024-05-20 13:50:16.216216216,4,1802.55,0.25,5407.65
T00848,C002,P009,2024-05-20 17:49:32.972972972,3,802.8,0.05,2287.98
T00849,C094,P029,2024-05-20 21:48:49.729729728,3,186.61,0.23,431.07
T00850,C167,P017,2024-05-21 01:48:06.486486486,1,925.66,0.29,657.22
T00851,C199,P001,2024-05-21 05:47:23.243243242,1,331.38,0.02,324.75
T00852,C104,P019,2024-05-21 09:46:40.000000000,2,783.93,0.25,1175.89
T00853,C021,P021,2024-05-21 13:45:56.756756756,3,374.07,0.13,976.32
T00854,C179,P014,2024-05-21 17:45:13.513513512,4,324.44,0.17,1077.14
T00855,C179,P018,2024-05-21 21:44:30.270270270,5,790.69,0.17,3281.36
T00856,C128,P007,2024-05-22 01:43:47.027027026,3,1278.85,0.19,3107.61
T00857,C017,P009,2024-05-22 05:43:03.783783784,5,1585.96,0.2,6343.84
T00858,C148,P013,2024-05-22 09:42:20.540540540,1,1792.69,0.14,1541.71
T00859,C198,P025,2024-05-22 13:41:37.297297296,1,65.55,0.26,48.51
T00860,C013,P020,2024-05-22 17:40:54.054054054,4,464.57,0.06,1746.78
T00861,C124,P002,2024-05-22 21:40:10.810810810,4,202.51,0.19,656.13
T00862,C138,P031,2024-05-23 01:39:27.567567566,2,1242.25,0.22,1937.91
T00863,C105,P024,2024-05-23 05:38:44.324324324,4,694.35,0.29,1971.95
T00864,C127,P029,2024-05-23 09:38:01.081081080,4,599.46,0.1,2158.06
T00865,C128,P014,2024-05-23 13:37:17.837837838,3,872.49,0.11,2329.55
T00866,C061,P009,2024-05-23 17:36:34.594594594,1,1339.66,0.07,1245.88
T00867,C045,P035,2024-05-23 21:35:51.351351350,1,1637.58,0.23,1260.94
T00868,C184,P002,2024-05-24 01:35:08.108108108,4,1716.29,0.18,5629.43
T00869,C133,P044,2024-05-24 05:34:24.864864864,2,534.34,0.06,1004.56
T00870,C156,P008,2024-05-24 09:33:41.621621620,2,440.82,0.08,811.11
T00871,C006,P007,2024-05-24 13:32:58.378378378,3,925.09,0.29,1970.44
T00872,C113,P034,2024-05-24 17:32:15.135135134,4,532.95,0.09,1939.94
T00873,C102,P012,2024-05-24 21:31:31.891891892,2,1811.3,0.27,2644.5
T00874,C059,P034,2024-05-25 01:30:48.648648648,3,849.28,0.11,2267.58
T00875,C158,P014,2024-05-25 05:30:05.405405404,2,1943.36,0.19,3148.24
T00876,C115,P032,2024-05-25 09:29:22.162162162,3,187.28,0.04,539.37
T00877,C065,P014,2024-05-25 13:28:38.918918918,3,1664.35,0.13,4343.95
T00878,C163,P042,2024-05-25 17:27:55.675675674,4,522.12,0.11,1858.75
T00879,C008,P026,2024-05-25 21:27:12.432432432,3,1020.71,0.29,2174.11
T00880,C042,P026,2024-05-26 01:26:29.189189188,1,1044.45,0.29,741.56
T00881,C192,P046,2024-05-26 05:25:45.945945946,5,951.53,0.06,4472.19
T00882,C090,P030,2024-05-26 09:25:02.702702702,1,1214.36,0.03,1177.93
T00883,C120,P044,2024-05-26 13:24:19.459459458,3,369.9,0.2,887.76
T00884,C074,P034,2024-05-26 17:23:36.216216216,1,1462.35,0.08,1345.36
T00885,C154,P028,2024-05-26 21:22:52.972972972,3,212.36,0.18,522.41
T00886,C125,P001,2024-05-27 01:22:09.729729728,2,844.78,0.17,1402.33
T00887,C052,P050,2024-05-27 05:21:26.486486486,5,1410.08,0.2,5640.32
T00888,C102,P036,2024-05-27 09:20:43.243243242,1,298.54,0.16,250.77
T00889,C056,P013,2024-05-27 13:20:00.000000000,2,1569.91,0.15,2668.85
T00890,C165,P033,2024-05-27 17:19:16.756756756,1,1285.49,0.28,925.55
T00891,C107,P036,2024-05-27 21:18:33.513513512,3,801.92,0.04,2309.53
T00892,C142,P025,2024-05-28 01:17:50.270270270,1,98.49,0.21,77.81
T00893,C161,P041,2024-05-28 05:17:07.027027026,3,922.8,0.25,2076.3
T00894,C068,P040,2024-05-28 09:16:23.783783782,2,854.42,0.27,1247.45
T00895,C027,P028,2024-05-28 13:15:40.540540540,1,405.29,0.11,360.71
T00896,C186,P048,2024-05-28 17:14:57.297297296,3,246.72,0.02,725.36
T00897,C012,P035,2024-05-28 21:14:14.054054054,1,862.49,0.15,733.12
T00898,C193,P001,2024-05-29 01:13:30.810810810,4,309.66,0.24,941.37
T00899,C092,P026,2024-05-29 05:12:47.567567566,5,1163.12,0.25,4361.7
T00900,C009,P013,2024-05-29 09:12:04.324324324,1,1424.34,0.12,1253.42
T00901,C035,P001,2024-05-29 13:11:21.081081080,5,1044.3,0.25,3916.12
T00902,C056,P046,2024-05-29 17:10:37.837837838,2,408.69,0.12,719.29
T00903,C115,P050,2024-05-29 21:09:54.594594594,1,1458.16,0.19,1181.11
T00904,C125,P035,2024-05-30 01:09:11.351351350,3,1101.43,0.28,2379.09
T00905,C007,P049,2024-05-30 05:08:28.108108108,5,423.98,0.02,2077.5
T00906,C178,P031,2024-05-30 09:07:44.864864864,3,588.65,0.02,1730.63
T00907,C080,P019,2024-05-30 13:07:01.621621620,2,132.38,0.01,262.11
T00908,C197,P015,2024-05-30 17:06:18.378378378,5,1519.85,0.26,5623.44
T00909,C189,P016,2024-05-30 21:05:35.135135134,2,1080.64,0.26,1599.35
T00910,C055,P018,2024-05-31 01:04:51.891891892,3,964.76,0.17,2402.25
T00911,C111,P046,2024-05-31 05:04:08.648648648,4,1189.77,0.02,4663.9
T00912,C032,P034,2024-05-31 09:03:25.405405404,1,1908.39,0.23,1469.46
T00913,C027,P010,2024-05-31 13:02:42.162162162,4,1917.61,0.05,7286.92
T00914,C163,P026,2024-05-31 17:01:58.918918918,3,1263.36,0.27,2766.76
T00915,C179,P014,2024-05-31 21:01:15.675675674,1,273.53,0.16,229.77
T00916,C118,P009,2024-06-01 01:00:32.432432432,4,151.13,0.01,598.47
T00917,C036,P040,2024-06-01 04:59:49.189189188,4,608.63,0.04,2337.14
T00918,C076,P042,2024-06-01 08:59:05.945945946,3,556.04,0.17,1384.54
T00919,C134,P009,2024-06-01 12:58:22.702702702,3,1180.11,0.01,3504.93
T00920,C115,P023,2024-06-01 16:57:39.459459458,2,317.81,0.3,444.93
T00921,C036,P046,2024-06-01 20:56:56.216216216,1,1660.27,0.01,1643.67
T00922,C122,P038,2024-06-02 00:56:12.972972972,2,1371.26,0.09,2495.69
T00923,C167,P033,2024-06-02 04:55:29.729729728,4,1378.51,0.29,3914.97
T00924,C077,P016,2024-06-02 08:54:46.486486486,5,877.45,0.24,3334.31
T00925,C172,P006,2024-06-02 12:54:03.243243242,3,1665.0,0.02,4895.1
T00926,C005,P049,2024-06-02 16:53:20.000000000,3,1126.39,0.29,2399.21
T00927,C054,P029,2024-06-02 20:52:36.756756756,3,1309.63,0.28,2828.8
T00928,C019,P021,2024-06-03 00:51:53.513513512,1,1086.68,0.22,847.61
T00929,C195,P005,2024-06-03 04:51:10.270270270,2,1327.75,0.21,2097.85
T00930,C099,P012,2024-06-03 08:50:27.027027026,4,266.94,0.3,747.43
T00931,C086,P034,2024-06-03 12:49:43.783783782,5,1458.65,0.1,6563.93
T00932,C035,P049,2024-06-03 16:49:00.540540540,2,1584.87,0.22,2472.4
T00933,C081,P048,2024-06-03 20:48:17.297297296,4,1782.91,0.1,6418.48
T00934,C185,P034,2024-06-04 00:47:34.054054054,4,891.73,0.06,3352.9
T00935,C154,P043,2024-06-04 04:46:50.810810810,3,841.37,0.26,1867.84
T00936,C160,P021,2024-06-04 08:46:07.567567566,2,1309.73,0.09,2383.71
T00937,C134,P020,2024-06-04 12:45:24.324324324,4,1043.97,0.26,3090.15
T00938,C134,P011,2024-06-04 16:44:41.081081080,5,141.99,0.02,695.75
T00939,C134,P047,2024-06-04 20:43:57.837837836,4,1288.68,0.19,4175.32
T00940,C170,P011,2024-06-05 00:43:14.594594594,4,1465.8,0.09,5335.51
T00941,C157,P003,2024-06-05 04:42:31.351351350,1,1241.93,0.16,1043.22
T00942,C186,P018,2024-06-05 08:41:48.108108108,5,969.34,0.13,4216.63
T00943,C089,P020,2024-06-05 12:41:04.864864864,2,989.43,0.17,1642.45
T00944,C115,P020,2024-06-05 16:40:21.621621620,2,1097.32,0.29,1558.19
T00945,C077,P042,2024-06-05 20:39:38.378378378,3,1358.48,0.25,3056.58
T00946,C075,P038,2024-06-06 00:38:55.135135134,3,247.19,0.25,556.18
T00947,C088,P019,2024-06-06 04:38:11.891891892,2,249.18,0.2,398.69
T00948,C051,P050,2024-06-06 08:37:28.648648648,5,1823.69,0.21,7203.58
T00949,C019,P031,2024-06-06 12:36:45.405405404,4,75.05,0.08,276.18
T00950,C149,P004,2024-06-06 16:36:02.162162162,4,1087.84,0.22,3394.06
T00951,C093,P047,2024-06-06 20:35:18.918918918,1,98.79,0.18,81.01
T00952,C161,P046,2024-06-07 00:34:35.675675674,3,867.61,0.11,2316.52
T00953,C136,P037,2024-06-07 04:33:52.432432432,3,1836.94,0.15,4684.2
T00954,C157,P012,2024-06-07 08:33:09.189189188,4,867.78,0.1,3124.01
T00955,C021,P038,2024-06-07 12:32:25.945945946,3,1495.35,0.01,4441.19
T00956,C181,P029,2024-06-07 16:31:42.702702702,5,1885.17,0.03,9143.07
T00957,C050,P016,2024-06-07 20:30:59.459459458,1,1733.4,0.07,1612.06
T00958,C068,P002,2024-06-08 00:30:16.216216216,3,1095.59,0.05,3122.43
T00959,C036,P014,2024-06-08 04:29:32.972972972,3,974.54,0.15,2485.08
T00960,C097,P039,2024-06-08 08:28:49.729729728,2,1226.01,0.19,1986.14
T00961,C133,P009,2024-06-08 12:28:06.486486486,2,604.26,0.02,1184.35
T00962,C059,P030,2024-06-08 16:27:23.243243242,3,1873.01,0.07,5225.7
T00963,C129,P033,2024-06-08 20:26:40.000000000,1,1860.71,0.21,1469.96
T00964,C157,P048,2024-06-09 00:25:56.756756756,4,1445.86,0.1,5205.1
T00965,C111,P050,2024-06-09 04:25:13.513513512,4,456.31,0.29,1295.92
T00966,C139,P047,2024-06-09 08:24:30.270270270,1,1726.58,0.2,1381.26
T00967,C065,P035,2024-06-09 12:23:47.027027026,5,634.04,0.26,2345.95
T00968,C177,P044,2024-06-09 16:23:03.783783782,1,1534.36,0.22,1196.8
T00969,C062,P011,2024-06-09 20:22:20.540540540,3,1520.17,0.1,4104.46
T00970,C158,P025,2024-06-10 00:21:37.297297296,3,1437.75,0.27,3148.67
T00971,C045,P024,2024-06-10 04:20:54.054054054,3,1227.57,0.07,3424.92
T00972,C098,P030,2024-06-10 08:20:10.810810810,5,349.49,0.21,1380.49
T00973,C140,P003,2024-06-10 12:19:27.567567566,2,571.84,0.11,1017.88
T00974,C023,P010,2024-06-10 16:18:44.324324324,1,927.56,0.29,658.57
T00975,C160,P005,2024-06-10 20:18:01.081081080,4,1353.15,0.28,3897.07
T00976,C038,P037,2024-06-11 00:17:17.837837836,4,1282.34,0.24,3898.31
T00977,C197,P046,2024-06-11 04:16:34.594594594,1,1705.13,0.21,1347.05
T00978,C064,P004,2024-06-11 08:15:51.351351350,4,486.22,0.08,1789.29
T00979,C006,P043,2024-06-11 12:15:08.108108108,2,1389.85,0.0,2779.7
T00980,C152,P027,2024-06-11 16:14:24.864864864,4,1217.57,0.08,4480.66
T00981,C159,P014,2024-06-11 20:13:41.621621620,3,52.37,0.19,127.26
T00982,C180,P020,2024-06-12 00:12:58.378378378,2,1045.73,0.01,2070.55
T00983,C121,P043,2024-06-12 04:12:15.135135134,2,971.84,0.2,1554.94
T00984,C067,P040,2024-06-12 08:11:31.891891892,2,1870.44,0.23,2880.48
T00985,C125,P036,2024-06-12 12:10:48.648648648,3,342.79,0.18,843.26
T00986,C122,P017,2024-06-12 16:10:05.405405404,3,1352.07,0.1,3650.59
T00987,C093,P001,2024-06-12 20:09:22.162162162,3,218.41,0.27,478.32
T00988,C015,P005,2024-06-13 00:08:38.918918918,4,707.19,0.25,2121.57
T00989,C002,P025,2024-06-13 04:07:55.675675674,1,255.36,0.24,194.07
T00990,C106,P028,2024-06-13 08:07:12.432432432,2,160.99,0.24,244.7
T00991,C110,P002,2024-06-13 12:06:29.189189188,4,498.13,0.12,1753.42
T00992,C015,P021,2024-06-13 16:05:45.945945946,3,764.93,0.26,1698.14
T00993,C200,P031,2024-06-13 20:05:02.702702702,3,1937.71,0.13,5057.42
T00994,C141,P018,2024-06-14 00:04:19.459459458,4,553.71,0.24,1683.28
T00995,C080,P002,2024-06-14 04:03:36.216216216,1,1132.03,0.06,1064.11
T00996,C194,P012,2024-06-14 08:02:52.972972972,5,230.86,0.16,969.61
T00997,C199,P025,2024-06-14 12:02:09.729729728,2,1787.03,0.23,2752.03
T00998,C083,P006,2024-06-14 16:01:26.486486486,2,1050.94,0.28,1513.35
T00999,C065,P046,2024-06-14 20:00:43.243243242,4,196.0,0.1,705.6
T01000,C087,P046,2024-06-15 00:00:00.000000000,1,1450.87,0.1,1305.78
